id,iznos
0,-0.50415444
1,-0.55778253
2,-0.30939078
3,-0.23128414
4,-0.3029387
5,-0.16725963
6,-0.16995263
7,-0.19486278
8,-0.19486278
9,-0.26214904
10,-0.68361574
11,-0.42618936
12,-0.42618936
13,-0.34878874
14,-0.37970197
15,-0.32028127
16,-0.39214265
17,-0.49305308
18,-0.45187312
19,-0.6551889
20,-0.53944016
21,-0.36546504
22,-0.6237147
23,-0.32959658
24,-0.2854529
25,-0.24118876
26,-0.23650205
27,-0.29993123
28,-0.26314652
29,-0.27191424
30,-0.39438844
31,-0.45255375
32,0.023125172
33,-0.09493232
34,-0.066633224
35,0.0018042326
36,0.14567423
37,-0.01814264
38,-0.01814264
39,0.06680477
40,-0.12097514
41,-0.3645147
42,-0.4680519
43,-0.05884719
44,0.052223444
45,0.0058791637
46,0.044130325
47,-0.059387207
48,-0.05993122
49,-0.099257946
50,-0.31708705
51,-0.6155106
52,-0.5983233
53,-0.3529554
54,-0.30917013
55,-0.26310873
56,-0.24115002
57,-0.24115002
58,-0.26310873
59,-0.27330226
60,-0.5071106
61,-0.5071106
62,-0.19159824
63,-0.26496434
64,-0.18357068
65,-0.054745257
66,0.044027567
67,-0.19317377
68,-0.18797266
69,-0.21943909
70,-0.1938628
71,-0.3914526
72,-0.4116286
73,-0.03525889
74,-0.09713447
75,-0.08477223
76,-0.04647082
77,-0.06592995
78,-0.016574502
79,-0.0653131
80,-0.21397543
81,-0.18959236
82,-0.21237946
83,-0.18160772
84,-0.24470437
85,-0.29122812
86,-0.15512538
87,-0.5543035
88,-0.5543035
89,-0.30645508
90,-0.4028039
91,0.034587264
92,-0.22705662
93,0.034587264
94,0.114854455
95,0.14155054
96,0.14155054
97,0.35172772
98,0.12890387
99,0.029128194
100,-0.38437748
101,-0.38437748
102,-0.13026243
103,-0.21323854
104,-0.18736005
105,-0.06891334
106,-0.087860346
107,0.061324954
108,-0.08945632
109,-0.09314442
110,-0.34751475
111,-0.60228395
112,-0.6279929
113,-0.37101316
114,-0.30298084
115,-0.30298084
116,-0.16273612
117,-0.2341522
118,-0.28047687
119,-0.28047687
120,-0.43886352
121,-0.44752485
122,-0.09101224
123,-0.12129134
124,0.06824422
125,0.17895532
126,0.007717371
127,0.07691419
128,-0.012108982
129,-0.06915206
130,0.06942403
131,-0.19467545
132,-0.22476798
133,0.055815816
134,0.12567961
135,0.30012655
136,0.39166665
137,0.20788765
138,0.18724668
139,0.18724668
140,-0.48761237
141,-0.48761237
142,-0.19810754
143,-0.2468977
144,-0.15655553
145,-0.2021454
146,-0.13645327
147,0.016906261
148,-0.15223807
149,-0.17655593
150,-0.5719807
151,-0.2051692
152,-0.2051692
153,-0.17257053
154,-0.5951646
155,-0.08231574
156,-0.24449396
157,-0.26114374
158,-0.27100575
159,-0.17257053
160,-0.5053538
161,-0.39163655
162,-0.27366036
163,-0.2712298
164,-0.2772228
165,-0.2434504
166,-0.24613178
167,-0.21144366
168,-0.15517235
169,-0.2313906
170,0.050197124
171,0.32362902
172,0.5917485
173,0.64320815
174,0.14897323
175,0.7500057
176,0.65012586
177,0.48263264
178,0.45568967
179,0.4114654
180,-0.3828172
181,-0.14397669
182,-0.14397669
183,-0.019957542
184,-0.44401407
185,-0.0051177144
186,-0.032838106
187,-0.07209468
188,-0.033609748
189,-0.109003305
190,-0.023958683
191,-0.037257195
192,0.42310715
193,0.61520016
194,0.70702446
195,0.49678874
196,0.6632261
197,0.62171733
198,0.83961403
199,0.6348231
200,-0.23322475
201,-0.53469265
202,-0.23322475
203,-0.18924725
204,-0.5138001
205,-0.12883288
206,-0.098532915
207,-0.045630395
208,-0.069141746
209,-0.05772835
210,-0.3420955
211,-0.37479556
212,-0.09114361
213,0.082741976
214,-0.007951617
215,-0.007951617
216,0.050107956
217,0.050107956
218,0.07361221
219,0.02957344
220,-0.52471066
221,-0.60091007
222,-0.26464343
223,-0.3511517
224,-0.37420082
225,-0.202752
226,-0.08252925
227,-0.25265485
228,-0.095685065
229,-0.24130666
230,-0.54390836
231,-0.5691308
232,-0.19010746
233,-0.3141247
234,-0.26760072
235,-0.33188236
236,-0.044769168
237,-0.14935666
238,-0.23311275
239,-0.20754361
240,-0.4964558
241,-0.26855403
242,-0.30562556
243,-0.10311782
244,-0.4964558
245,-0.0015126467
246,-0.15962231
247,-0.16018146
248,-0.18793952
249,-0.10311782
250,-0.59052414
251,-0.49106592
252,-0.34485334
253,-0.2179001
254,-0.31245387
255,-0.20356691
256,-0.07934594
257,-0.26591557
258,-0.2597087
259,-0.2597087
260,-0.5531717
261,-0.3320598
262,-0.21055496
263,-0.16799617
264,-0.6216311
265,-0.24718153
266,-0.24718153
267,-0.07171774
268,-0.15994644
269,-0.28628993
270,-0.65696156
271,-0.27790552
272,-0.41412008
273,-0.26665866
274,-0.65696156
275,-0.1528166
276,-0.1528166
277,-0.31941056
278,-0.2687689
279,-0.41238314
280,-0.51561993
281,-0.59336555
282,-0.37790763
283,-0.21310389
284,-0.17634034
285,-0.17634034
286,-0.18729252
287,-0.27379775
288,-0.2370137
289,-0.18729252
290,-0.39539456
291,-0.6635765
292,-0.22447824
293,-0.28296602
294,-0.63433605
295,-0.17570877
296,-0.17499399
297,-0.31059456
298,-0.29711878
299,-0.20093298
300,0.25873363
301,0.13352442
302,0.14509177
303,0.3391949
304,0.07472181
305,0.08832979
306,0.021502256
307,0.035109997
308,-0.21292639
309,-0.307446
310,-0.5538038
311,-0.04043758
312,-0.16317022
313,-0.18725204
314,-0.4139024
315,-0.021559179
316,-0.13363457
317,-0.1508261
318,0.072536826
319,-0.14957309
320,-0.5808278
321,-0.30850714
322,-0.280263
323,-0.14500976
324,-0.5808278
325,-0.15747535
326,-0.25789362
327,-0.17169589
328,-0.022513151
329,-0.15747535
330,0.20947051
331,0.057498217
332,0.050787926
333,0.112356186
334,-0.050655723
335,-0.09254986
336,0.08599663
337,-0.30434453
338,-0.41696894
339,-0.027205586
340,0.05077815
341,-0.32435846
342,0.11759782
343,-0.07923514
344,-0.39592296
345,-0.00701797
346,0.049850702
347,-0.007575989
348,-0.007575989
349,0.049850702
350,-0.5206377
351,-0.5206377
352,-0.3410753
353,-0.3449787
354,-0.30413365
355,-0.32758355
356,-0.22340381
357,-0.25092304
358,-0.26563317
359,-0.09759301
360,-0.46046215
361,-0.23242533
362,-0.24603343
363,-0.075692296
364,-0.36358333
365,0.1375997
366,0.1375997
367,-0.06986326
368,0.030133724
369,-0.048735023
370,-0.48874778
371,-0.13013548
372,-0.297781
373,-0.27999586
374,-0.605037
375,-0.18504477
376,-0.18504477
377,-0.23255146
378,-0.20818526
379,-0.2565469
380,-0.422105
381,-0.47645992
382,-0.21931243
383,-0.16325033
384,-0.1992023
385,-0.15766734
386,-0.087352455
387,-0.07186878
388,-0.07186878
389,-0.035322547
390,-0.42230296
391,-0.7413391
392,-0.5542115
393,-0.5967562
394,-0.7413391
395,-0.44139516
396,-0.5282056
397,-0.500981
398,-0.44139516
399,-0.46469516
400,-0.2130658
401,-0.23558259
402,0.24306929
403,0.3635509
404,0.37949395
405,0.5737412
406,0.6208261
407,0.41928005
408,0.44207418
409,0.2533865
410,-0.24343348
411,-0.53452164
412,-0.42320144
413,-0.2438876
414,-0.05036825
415,-0.15945292
416,-0.018612027
417,-0.025191963
418,-0.14511287
419,-0.22606194
420,-0.42528677
421,-0.61876774
422,-0.61876774
423,-0.41437972
424,-0.27388883
425,-0.3097185
426,-0.1703062
427,-0.3519351
428,-0.3097185
429,-0.39099354
430,-0.6432537
431,-0.60377103
432,-0.3883131
433,-0.22597611
434,-0.34901726
435,-0.24150765
436,-0.24150765
437,-0.2557283
438,-0.14149177
439,-0.3131488
440,0.36142302
441,-0.1423384
442,-0.22687602
443,0.17707789
444,0.3990916
445,0.49583387
446,0.4253509
447,0.30251336
448,0.22509575
449,0.32401943
450,-0.09691781
451,-0.16569829
452,-0.09367782
453,-0.18788481
454,-0.32985783
455,-0.31338614
456,-0.29190707
457,-0.57357204
458,-0.57357204
459,-0.28665215
460,-0.3284775
461,-0.06571019
462,-0.3284775
463,-0.101293206
464,-0.11146349
465,-0.06571019
466,0.2084477
467,0.052601337
468,0.006085634
469,0.026619673
470,-0.54195476
471,-0.5590841
472,-0.27875566
473,-0.07896185
474,-0.24623102
475,-0.13273615
476,-0.11997795
477,-0.06902182
478,-0.10526717
479,0.07893348
480,-0.42812228
481,-0.64509606
482,-0.42812228
483,-0.39879668
484,-0.6665614
485,-0.3266399
486,-0.22802818
487,-0.3670978
488,-0.18415296
489,-0.39879668
490,-0.6309887
491,-0.56128204
492,-0.35676455
493,-0.34267807
494,-0.28930563
495,-0.2608022
496,-0.10556424
497,-0.21578568
498,-0.31168783
499,-0.27152342
500,-0.62077117
501,-0.603067
502,-0.38423395
503,-0.2454586
504,-0.34434378
505,-0.21510565
506,-0.2933784
507,-0.28588772
508,-0.3368156
509,-0.30464733
510,-0.55930734
511,-0.47012126
512,-0.14061224
513,-0.31471044
514,-0.10241711
515,-0.22323024
516,-0.021793902
517,-0.045639277
518,-0.24814022
519,-0.23322701
520,-0.12675112
521,-0.101887345
522,-0.024680376
523,-0.07697719
524,-0.11376202
525,-0.12675112
526,-0.12154758
527,-0.17184609
528,-0.43081945
529,-0.38393337
530,-0.25203866
531,-0.25203866
532,-0.44305778
533,-0.5384941
534,-0.10895574
535,-0.21802676
536,-0.13307947
537,-0.13307947
538,-0.0673306
539,0.033441544
540,-0.51642215
541,-0.52516806
542,-0.13761622
543,-0.18543476
544,-0.14880717
545,-0.114305854
546,-0.09625989
547,-0.08880162
548,-0.083146214
549,-0.07075572
550,-0.2608052
551,-0.22820091
552,-0.03680134
553,-0.03680134
554,-0.23543954
555,-0.21695638
556,-0.33372974
557,-0.5551233
558,-0.4920156
559,-0.2422427
560,-0.516799
561,-0.24977398
562,-0.48271012
563,-0.16652524
564,-0.17984378
565,-0.10144162
566,-0.17984378
567,-0.10898328
568,-0.12635183
569,0.05649507
570,-0.28062224
571,-0.57605845
572,-0.6442374
573,-0.4592299
574,-0.39238518
575,-0.3656938
576,-0.26149058
577,-0.3591116
578,-0.1999836
579,-0.34211636
580,-0.4974981
581,-0.4549808
582,-0.0349406
583,-0.22991395
584,-0.10317719
585,0.0015261173
586,-0.08278978
587,-0.12835944
588,-0.16514426
589,0.085413456
590,-0.7199976
591,-0.7199976
592,-0.48585963
593,-0.46839356
594,-0.4698133
595,-0.23614848
596,-0.23614848
597,-0.41049355
598,-0.37476695
599,-0.43500322
600,0.2420888
601,0.2955513
602,0.2955513
603,0.20635223
604,0.5512992
605,0.48914635
606,0.6316738
607,0.5391673
608,0.3716979
609,0.58754826
610,-0.31965482
611,-0.31965482
612,0.07549453
613,0.03264451
614,0.032511592
615,0.17122483
616,0.17418945
617,0.12276268
618,0.07939792
619,0.09075248
620,-0.65808785
621,-0.43363428
622,-0.39776605
623,-0.39263368
624,-0.6752753
625,-0.276056
626,-0.2392708
627,-0.26418138
628,-0.3009659
629,-0.35133022
630,-0.33496523
631,-0.34350473
632,0.046087623
633,-0.069529176
634,0.048663378
635,0.048663378
636,0.25623572
637,0.24728775
638,0.24569213
639,0.2546401
640,-0.37111104
641,-0.11977708
642,-0.13401598
643,-0.08317953
644,-0.4623431
645,-0.004553199
646,-0.019078732
647,-0.025986671
648,0.17722917
649,-0.0025790334
650,-0.62426853
651,-0.33480054
652,-0.40805995
653,-0.31547678
654,-0.60760355
655,-0.28303444
656,-0.15725791
657,-0.17041373
658,-0.32076883
659,-0.38362175
660,-0.49686033
661,-0.50108993
662,-0.27954626
663,-0.3952042
664,-0.27691042
665,-0.31329018
666,-0.2564723
667,-0.11177504
668,-0.3181666
669,-0.087929726
670,-0.17775011
671,-0.4846661
672,-0.23058635
673,-0.10285425
674,-0.37303102
675,-0.024870038
676,0.022796035
677,-0.19388807
678,0.023737669
679,-0.01873833
680,-0.26037103
681,-0.29411775
682,-0.3078599
683,-0.21730876
684,-0.37474483
685,-0.37474483
686,-0.38996035
687,-0.42474455
688,-0.6190416
689,-0.63622904
690,-0.52493054
691,-0.29429328
692,-0.25842535
693,-0.20933187
694,-0.5059782
695,-0.20300835
696,-0.20300835
697,-0.16995925
698,-0.020939052
699,-0.20933187
700,-0.6109882
701,-0.22694999
702,-0.37168342
703,-0.32524776
704,-0.615757
705,-0.17810738
706,-0.32524776
707,-0.10137737
708,-0.2877893
709,-0.26779664
710,0.10981345
711,0.21237254
712,0.12705886
713,0.059889793
714,0.13309526
715,-0.10058868
716,-0.074561894
717,-0.3614244
718,-0.391819
719,0.13309526
720,-0.11504233
721,-0.55247355
722,-0.27554572
723,-0.32979178
724,-0.55247355
725,-0.2317748
726,-0.025703132
727,-0.22777176
728,-0.039348125
729,-0.025703132
730,-0.5551615
731,-0.53733337
732,-0.36641848
733,-0.40126926
734,-0.29842842
735,-0.3198943
736,-0.22251713
737,-0.29473072
738,-0.30944014
739,-0.23616213
740,-0.61776674
741,-0.37720925
742,-0.31909776
743,-0.36490333
744,-0.61776674
745,-0.111281276
746,-0.111281276
747,-0.25378066
748,-0.23156583
749,-0.2820089
750,-0.59425986
751,-0.3834108
752,-0.40635574
753,-0.32198662
754,-0.61723155
755,-0.12197816
756,-0.12197816
757,-0.2923535
758,-0.2923535
759,-0.3443231
760,-0.3938836
761,-0.3796897
762,-0.06196773
763,-0.19009101
764,-0.015593052
765,-0.13543415
766,0.034189463
767,0.12257171
768,0.038911104
769,0.02557087
770,-0.29972804
771,-0.5197835
772,-0.16414618
773,-0.27012283
774,-0.5197835
775,-0.17972076
776,-0.08280116
777,-0.14257085
778,-0.15169209
779,-0.24593276
780,-0.62883925
781,-0.5688729
782,-0.33223516
783,-0.38220233
784,-0.26520443
785,-0.29764092
786,-0.33122802
787,-0.2100414
788,-0.35613817
789,-0.2678547
790,-0.32366478
791,-0.6235937
792,-0.62956554
793,-0.37152326
794,-0.20731205
795,-0.20756793
796,-0.23162186
797,-0.1854521
798,-0.24584246
799,-0.32090962
800,-0.36754328
801,-0.5661777
802,-0.7150875
803,-0.24553382
804,-0.3539796
805,-0.28440154
806,-0.30545843
807,-0.21666664
808,-0.22048283
809,-0.20453984
810,-0.3581224
811,-0.3714772
812,0.037064075
813,-0.010273695
814,0.1659751
815,-0.007889509
816,0.098932385
817,0.08602643
818,0.12896395
819,0.18573165
820,0.5379131
821,0.054938555
822,-0.055421412
823,0.5996897
824,0.37651157
825,0.53102434
826,0.51768315
827,0.5924071
828,0.5052649
829,0.60992885
830,-0.47586918
831,-0.55644405
832,-0.30822515
833,-0.17646074
834,-0.20805776
835,-0.1399163
836,-0.17225683
837,-0.19320399
838,-0.20791376
839,-0.20791376
840,-0.5007353
841,-0.33143938
842,-0.27086705
843,-0.3453666
844,-0.5740596
845,-0.28996003
846,-0.22894073
847,-0.24316132
848,-0.10437834
849,-0.18804991
850,-0.4865147
851,-0.28711587
852,-0.28711587
853,-0.27675962
854,-0.5904134
855,-0.021474719
856,-0.2180891
857,-0.13052738
858,-0.208408
859,-0.2408911
860,0.012576342
861,0.01459372
862,0.49106705
863,0.6030483
864,0.50269604
865,0.4816841
866,0.6288439
867,0.8170483
868,0.65713143
869,0.6361835
870,0.1339767
871,-0.16025066
872,-0.19814819
873,0.18370593
874,0.30320072
875,0.2721777
876,0.3284216
877,0.39379454
878,0.35300028
879,0.39515042
880,-0.45483977
881,-0.48341727
882,-0.042936444
883,-0.203354
884,-0.014868498
885,-0.106330514
886,0.070607424
887,-0.11808866
888,-0.15487349
889,-0.014868498
890,-0.3500353
891,-0.6074407
892,-0.58905035
893,-0.3500353
894,-0.2038334
895,-0.30494606
896,-0.30387217
897,-0.24851352
898,-0.29947758
899,-0.12532222
900,-0.64193493
901,-0.6479069
902,-0.4451881
903,-0.31001717
904,-0.3069443
905,-0.3069443
906,-0.2062434
907,-0.2838562
908,-0.3456558
909,-0.21939921
910,-0.596045
911,-0.10486883
912,-0.21805894
913,-0.24926102
914,-0.5764071
915,0.038103104
916,0.038103104
917,-0.0636127
918,-0.17349994
919,-0.1745199
920,-0.50916815
921,-0.5730511
922,-0.2676664
923,-0.30820554
924,-0.16648525
925,-0.27894765
926,-0.05281067
927,-0.20050693
928,-0.15960729
929,-0.2443322
930,-0.5584507
931,-0.3035621
932,-0.12837613
933,-0.09790093
934,-0.5584507
935,-0.16889787
936,-0.20586789
937,-0.18360758
938,-0.009025812
939,-0.09790093
940,-0.43062073
941,-0.2349351
942,-0.2728181
943,-0.18983042
944,-0.43062073
945,-0.0536803
946,-0.09089005
947,-0.10559976
948,0.050692916
949,-0.21281576
950,-0.45180058
951,-0.52203697
952,-0.24021506
953,-0.2973925
954,-0.21110618
955,-0.24817705
956,-0.16826475
957,-0.18248534
958,-0.22047317
959,-0.20625263
960,-0.5766659
961,-0.6516298
962,-0.29180855
963,-0.10507786
964,-0.1445092
965,-0.17885697
966,-0.05008781
967,-0.28059018
968,-0.17885697
969,-0.05008781
970,-0.51569223
971,-0.54375637
972,-0.34983206
973,-0.28186852
974,-0.29833645
975,-0.15308559
976,-0.21817136
977,-0.10368025
978,-0.26539207
979,-0.28186852
980,-0.3968879
981,-0.6449394
982,-0.63447624
983,-0.3968879
984,-0.31420827
985,-0.19509012
986,-0.35369146
987,-0.31896216
988,-0.3786015
989,-0.2640642
990,-0.36924964
991,-0.57783157
992,-0.5974377
993,-0.36924964
994,-0.33017278
995,-0.09060836
996,-0.18757749
997,-0.22478724
998,-0.23949695
999,-0.28489047
1000,-0.5435237
1001,-0.5435237
1002,-0.28473723
1003,-0.25224084
1004,-0.12881833
1005,-0.117411256
1006,-0.117411256
1007,-0.06276226
1008,-0.058662057
1009,-0.060316205
1010,-0.2895643
1011,-0.44233358
1012,-0.5505944
1013,-0.2895643
1014,-0.25860494
1015,-0.14721596
1016,-0.025163054
1017,-0.14721596
1018,-0.24369347
1019,-0.1361376
1020,-3.6537647e-05
1021,-0.024895787
1022,0.17415833
1023,0.17415833
1024,-0.09355676
1025,-0.011484504
1026,-0.14515883
1027,-0.48877072
1028,-0.43185347
1029,-0.09355676
1030,0.04613912
1031,0.3733883
1032,0.07598758
1033,0.46207142
1034,0.4212495
1035,0.5497291
1036,0.6140616
1037,0.60832846
1038,0.6465514
1039,0.6140616
1040,-0.67924523
1041,-0.6390049
1042,-0.27420843
1043,-0.43982553
1044,-0.4243254
1045,-0.27616495
1046,-0.37644875
1047,-0.40135896
1048,-0.4101559
1049,-0.37644875
1050,-0.34125507
1051,-0.61462915
1052,-0.28776312
1053,-0.3337406
1054,-0.6432017
1055,-0.26247215
1056,-0.2257278
1057,-0.12343401
1058,-0.27393705
1059,-0.14388657
1060,-0.38638175
1061,-0.283939
1062,-0.015826464
1063,-0.07574749
1064,-0.026985526
1065,0.057709336
1066,0.051985383
1067,0.047148466
1068,0.0023972988
1069,0.22832131
1070,-0.63437176
1071,-0.7116707
1072,-0.30332887
1073,-0.43676168
1074,-0.30832767
1075,-0.30832767
1076,-0.3439558
1077,-0.3439558
1078,-0.3680331
1079,-0.3680331
1080,-0.5023966
1081,-0.5566435
1082,-0.21297324
1083,-0.2524532
1084,-0.16284275
1085,-0.060107946
1086,-0.060107946
1087,-0.16125202
1088,0.036123753
1089,-0.19769335
1090,0.33623338
1091,0.41703725
1092,0.6169342
1093,0.5382718
1094,0.41452575
1095,0.33623338
1096,0.44352198
1097,0.30712104
1098,-0.17385316
1099,-0.17385316
1100,-0.19669175
1101,-0.2931487
1102,-0.5676497
1103,-0.49155486
1104,-0.15266633
1105,-0.26997107
1106,-0.21627432
1107,-0.17593175
1108,-0.057151318
1109,-0.057151318
1110,-0.61734605
1111,-0.5516568
1112,-0.24281788
1113,-0.2911631
1114,-0.2529971
1115,-0.15172273
1116,-0.19965363
1117,-0.1899972
1118,-0.13643157
1119,-0.17528749
1120,-0.12947017
1121,-0.117587686
1122,-0.0047382116
1123,0.05724454
1124,-0.22744381
1125,-0.2603743
1126,-0.21150112
1127,-0.5150208
1128,-0.5483434
1129,-0.22744381
1130,-0.696323
1131,-0.4526878
1132,-0.70500386
1133,-0.47613758
1134,-0.4172176
1135,-0.33837962
1136,-0.4172176
1137,-0.35013765
1138,-0.35013765
1139,-0.36274594
1140,-0.28778166
1141,-0.46437585
1142,-0.46437585
1143,-0.2907424
1144,-0.27801847
1145,-0.24215007
1146,-0.00064337254
1147,-0.1981008
1148,-0.1981008
1149,-0.00064337254
1150,-0.24418992
1151,-0.15838969
1152,0.049096584
1153,0.071462154
1154,0.14072871
1155,0.099001884
1156,0.19437194
1157,0.17948389
1158,0.23326826
1159,0.17471671
1160,0.123689175
1161,0.14759123
1162,0.1682322
1163,0.36301446
1164,0.11905241
1165,0.13454843
1166,0.022364974
1167,0.19133472
1168,-0.36902183
1169,-0.3647173
1170,-0.43578154
1171,-0.39018047
1172,-0.13469791
1173,-0.13469791
1174,-0.08075142
1175,0.019953966
1176,0.04444933
1177,-0.017202497
1178,0.031351566
1179,-0.041779697
1180,-0.3897946
1181,-0.60722136
1182,-0.60722136
1183,-0.36145353
1184,-0.34081054
1185,-0.27771807
1186,-0.32552588
1187,-0.32552588
1188,-0.21470112
1189,-0.20312935
1190,0.4106021
1191,0.46303082
1192,0.38133895
1193,0.61643636
1194,0.5016495
1195,0.5110607
1196,0.5479238
1197,0.49655294
1198,0.5499548
1199,0.5479238
1200,0.15715706
1201,-0.2279334
1202,-0.2279334
1203,0.3382933
1204,0.10898793
1205,0.31076813
1206,0.42119098
1207,0.42119098
1208,0.16427958
1209,0.27288365
1210,-0.023808062
1211,-0.023808062
1212,-0.16849017
1213,-0.122750044
1214,-0.21449071
1215,-0.1996234
1216,-0.30063975
1217,-0.24273878
1218,-0.5434294
1219,-0.52503896
1220,-0.508638
1221,-0.38597465
1222,-0.17741889
1223,-0.12011123
1224,-0.17833078
1225,-0.07719624
1226,-0.09244138
1227,-0.09416741
1228,-0.09416741
1229,-0.14113963
1230,-0.5060283
1231,-0.5902437
1232,-0.27499777
1233,-0.28346658
1234,-0.26860213
1235,-0.20027947
1236,-0.20027947
1237,-0.23906243
1238,-0.15206015
1239,-0.16731554
1240,-0.52704394
1241,-0.19459534
1242,-0.01817745
1243,0.0077250004
1244,-0.16447294
1245,-0.2295565
1246,-0.2295565
1247,-0.12563086
1248,-0.27206343
1249,-0.4713143
1250,-0.61622274
1251,-0.3463136
1252,-0.40453953
1253,-0.61622274
1254,-0.3687114
1255,-0.15073752
1256,-0.36342323
1257,-0.23985225
1258,-0.23879188
1259,-0.29087782
1260,-0.62095237
1261,-0.62095237
1262,-0.36241013
1263,-0.36241013
1264,-0.19509661
1265,-0.3136996
1266,-0.276955
1267,-0.29395026
1268,-0.3306949
1269,-0.32010144
1270,-0.18739277
1271,-0.49894994
1272,-0.46807677
1273,-0.18739277
1274,-0.1485824
1275,-0.082454026
1276,-0.06045878
1277,0.1369226
1278,-0.082454026
1279,-0.1485824
1280,0.12683654
1281,-0.3835758
1282,-0.34838313
1283,0.061638713
1284,0.16358685
1285,0.26337993
1286,0.28177428
1287,0.07017875
1288,0.26337993
1289,0.02215314
1290,-0.49105138
1291,-0.4720335
1292,-0.029798627
1293,-0.20458817
1294,-0.14329505
1295,-0.0793072
1296,-0.0545249
1297,-0.07827461
1298,0.095927
1299,-0.010468125
1300,-0.21778738
1301,-0.55978227
1302,-0.40622193
1303,-0.1549074
1304,-0.21143496
1305,-0.047053814
1306,-0.0030795336
1307,-0.13941711
1308,-0.21143496
1309,-0.1764983
1310,-0.23014665
1311,-0.23014665
1312,-0.20630145
1313,-0.36190677
1314,-0.2871529
1315,-0.41470987
1316,-0.41470987
1317,-0.5534923
1318,-0.6565305
1319,-0.40150046
1320,-0.43303204
1321,-0.09598154
1322,-0.42706025
1323,-0.09553468
1324,-0.046147585
1325,0.011262178
1326,0.011262178
1327,-0.0031545162
1328,0.040237904
1329,0.08455241
1330,-0.43262786
1331,-0.43262786
1332,-0.21937722
1333,-0.28917193
1334,-0.19279432
1335,-0.19279432
1336,-0.102366984
1337,-0.14215672
1338,0.02439785
1339,-0.102366984
1340,-0.23921835
1341,-0.54011834
1342,-0.28079653
1343,-0.24315381
1344,-0.54011834
1345,-0.2015751
1346,-0.0065249205
1347,-0.122294486
1348,-0.2072432
1349,-0.0065249205
1350,-0.27942324
1351,-0.27942324
1352,0.11125898
1353,-0.07673943
1354,-0.017481208
1355,0.11633587
1356,0.065746546
1357,0.06238556
1358,0.11461067
1359,-0.017481208
1360,-0.260374
1361,-0.5957223
1362,-0.6129097
1363,-0.38062894
1364,-0.36260915
1365,-0.2621113
1366,-0.34683144
1367,-0.29145652
1368,-0.20737886
1369,-0.20737886
1370,-0.5590708
1371,-0.4674735
1372,-0.30556858
1373,-0.34060156
1374,-0.28799295
1375,-0.1258483
1376,0.026286125
1377,-0.13606
1378,-0.203691
1379,-0.08028585
1380,-0.19906294
1381,0.08145225
1382,0.10747886
1383,0.15416718
1384,-0.32210028
1385,0.25768936
1386,0.25768936
1387,0.26258934
1388,0.2130568
1389,0.34864008
1390,-0.54288876
1391,-0.6288073
1392,-0.4009251
1393,-0.37673658
1394,-0.35888368
1395,-0.20308447
1396,-0.23083627
1397,-0.19044876
1398,-0.09220731
1399,-0.27664936
1400,-0.47762787
1401,-0.034146726
1402,-0.08916712
1403,0.05873108
1404,-0.47762787
1405,-0.018094897
1406,0.052805662
1407,0.014159083
1408,0.13509774
1409,-0.16870439
1410,-0.5632819
1411,-0.43829256
1412,-0.41484272
1413,-0.34121525
1414,-0.5632819
1415,-0.11437738
1416,-0.11437738
1417,-0.31297046
1418,-0.31297046
1419,-0.36987835
1420,-0.5184279
1421,-0.5184279
1422,-0.037667155
1423,-0.14273071
1424,-0.14237636
1425,-0.1456579
1426,-0.040900946
1427,-0.06735325
1428,0.10592055
1429,0.03478861
1430,0.42965174
1431,0.05728495
1432,0.38732815
1433,0.34997523
1434,-0.00038588047
1435,0.33932185
1436,0.491369
1437,0.31262612
1438,0.4704373
1439,0.29712224
1440,-0.28867328
1441,-0.34252346
1442,-0.34274286
1443,-0.3205238
1444,-0.39569527
1445,-0.39569527
1446,-0.41216338
1447,-0.41216338
1448,-0.6325643
1449,-0.54935753
1450,-0.45823187
1451,-0.18568313
1452,-0.11101049
1453,-0.07893932
1454,-0.44391716
1455,-0.03388828
1456,-0.10272658
1457,-0.13598013
1458,-0.070979595
1459,-0.18884885
1460,-0.4323833
1461,-0.1620565
1462,-0.1599344
1463,-0.11303824
1464,-0.4693297
1465,0.13284338
1466,-0.07342774
1467,0.2165339
1468,0.2165339
1469,0.22003579
1470,-0.26682276
1471,-0.18974662
1472,-0.21754599
1473,-0.21754599
1474,-0.25079256
1475,-0.18963695
1476,-0.3309989
1477,-0.60794616
1478,-0.5113995
1479,-0.31210274
1480,-0.25992382
1481,-0.601094
1482,-0.24701434
1483,-0.31134313
1484,-0.57831013
1485,-0.14526975
1486,-0.0391441
1487,-0.20234913
1488,-0.052789092
1489,-0.17251205
1490,0.14987242
1491,-0.006150782
1492,0.3792274
1493,0.4560306
1494,0.50893784
1495,0.55178916
1496,0.5042105
1497,0.5042105
1498,0.48547602
1499,0.6786295
1500,-0.5874205
1501,-0.36000305
1502,-0.20796132
1503,-0.31878728
1504,-0.5173603
1505,-0.20803273
1506,-0.22531712
1507,-0.15103948
1508,-0.06434995
1509,-0.34973633
1510,-0.50461245
1511,-0.10704541
1512,-0.23352838
1513,-0.07590175
1514,-0.48622203
1515,-0.13426518
1516,-0.13426518
1517,-0.112663984
1518,0.0052341223
1519,-0.18233418
1520,-0.29436576
1521,-0.4424708
1522,-0.066434145
1523,-0.04571092
1524,0.15132046
1525,0.01315856
1526,0.005514741
1527,0.21690905
1528,0.0067406893
1529,0.23898494
1530,-0.21293586
1531,-0.47275728
1532,-0.47669077
1533,-0.06886971
1534,-0.20951605
1535,-0.11864364
1536,-0.1109885
1537,0.04628229
1538,-0.011822581
1539,-0.12540525
1540,-0.40397942
1541,-0.4196968
1542,0.040539503
1543,-0.12735999
1544,-0.04735452
1545,-0.022589505
1546,0.023683906
1547,0.033135176
1548,0.17466617
1549,0.015864491
1550,-0.5217633
1551,-0.4509197
1552,-0.20022511
1553,-0.22559988
1554,-0.18182027
1555,-0.18182027
1556,0.013807774
1557,0.06136918
1558,-0.107262254
1559,0.041107416
1560,-0.5344851
1561,-0.51602817
1562,-0.24495637
1563,-0.26840538
1564,-0.21698618
1565,-0.08287293
1566,-0.14608347
1567,-0.121717334
1568,0.009632707
1569,-0.13593793
1570,-0.61654985
1571,-0.32538497
1572,-0.17859948
1573,-0.13916814
1574,-0.51994234
1575,-0.19959724
1576,-0.1800996
1577,-0.19058561
1578,-0.19058561
1579,-0.25442165
1580,-0.5811609
1581,-0.46692967
1582,-0.2927711
1583,-0.26932174
1584,-0.2500648
1585,-0.18138582
1586,-0.09497392
1587,0.038103104
1588,-0.17825383
1589,-0.20261997
1590,-0.52639234
1591,-0.28426653
1592,-0.29493904
1593,-0.25264508
1594,-0.5922778
1595,-0.1781646
1596,-0.20233065
1597,-0.21223271
1598,-0.25465965
1599,-0.28168654
1600,-0.6084166
1601,-0.37169045
1602,-0.25108552
1603,-0.37340277
1604,-0.6084166
1605,-0.1913287
1606,-0.3413213
1607,-0.39800906
1608,-0.33467478
1609,-0.37340277
1610,-0.5271024
1611,-0.6264
1612,-0.3320598
1613,-0.35550976
1614,-0.14814049
1615,-0.21397662
1616,-0.21879238
1617,-0.17126095
1618,-0.22092402
1619,-0.24315858
1620,-0.0098747015
1621,-0.38552344
1622,-0.42206728
1623,-0.2094279
1624,-0.16491055
1625,-0.017077446
1626,-0.05088383
1627,-0.05088383
1628,-0.06677556
1629,-0.06677556
1630,-0.30767477
1631,-0.30767477
1632,0.20276189
1633,-0.013587296
1634,0.27215505
1635,0.18464053
1636,0.1773504
1637,0.17006743
1638,0.17993808
1639,0.10611534
1640,-0.34454393
1641,-0.64208853
1642,-0.55908513
1643,-0.24561399
1644,-0.1454742
1645,-0.2592075
1646,-0.041930318
1647,-0.1895057
1648,-0.16857135
1649,-0.24100065
1650,-0.5105971
1651,-0.47682655
1652,-0.21981657
1653,-0.055745482
1654,-0.14535868
1655,-0.16797292
1656,-0.0998615
1657,0.09093809
1658,-0.09055138
1659,0.07778251
1660,-0.39855862
1661,-0.05433047
1662,-0.05433047
1663,0.13525939
1664,-0.34278393
1665,0.07426107
1666,0.08896685
1667,0.030239463
1668,0.030239463
1669,-0.02302754
1670,-0.5808263
1671,-0.49266893
1672,-0.17974895
1673,-0.09711015
1674,0.0015478134
1675,-0.14461458
1676,0.12450087
1677,-0.08213681
1678,0.10573912
1679,0.10573912
1680,-0.3472321
1681,0.016846776
1682,-0.16695732
1683,-0.111688495
1684,-0.49044544
1685,0.16134453
1686,-0.052138805
1687,0.07848239
1688,0.010542393
1689,-0.111688495
1690,-0.25574958
1691,0.09321952
1692,0.09321952
1693,0.14626169
1694,-0.25574958
1695,0.24847174
1696,0.21505213
1697,0.13243079
1698,0.17977834
1699,0.19324255
1700,-0.47132492
1701,-0.40085208
1702,-0.1858269
1703,-0.2539565
1704,-0.17982805
1705,-0.17982805
1706,-0.07488662
1707,-0.022316098
1708,-0.227884
1709,-0.09725875
1710,-0.443444
1711,-0.61682224
1712,-0.3757376
1713,-0.3034262
1714,-0.6357594
1715,-0.23876464
1716,-0.12876654
1717,-0.13837731
1718,-0.2869619
1719,-0.2616489
1720,-0.5490031
1721,-0.55330753
1722,-0.16829568
1723,-0.3067783
1724,-0.28435683
1725,-0.2574113
1726,-0.2290361
1727,-0.20621866
1728,-0.18571222
1729,-0.06817645
1730,-0.0941546
1731,-0.0941546
1732,0.33814597
1733,0.35080147
1734,0.3836708
1735,0.3927641
1736,0.4285226
1737,0.4285226
1738,0.4110124
1739,0.40819848
1740,-0.3312
1741,-0.33399707
1742,0.007804394
1743,0.11528528
1744,0.15717363
1745,0.019266248
1746,0.089046
1747,0.17373323
1748,0.08672941
1749,0.1593957
1750,-0.6216311
1751,-0.3320598
1752,-0.3320598
1753,-0.28628993
1754,-0.565151
1755,-0.15036726
1756,-0.21879238
1757,-0.16692877
1758,-0.06769478
1759,-0.14814049
1760,-0.54472953
1761,-0.4361773
1762,-0.2937662
1763,-0.23070407
1764,-0.22063494
1765,-0.22063494
1766,-0.17783082
1767,-0.17783082
1768,-0.20231295
1769,-0.20231295
1770,-0.5324458
1771,-0.11158347
1772,-0.24922812
1773,-0.092899024
1774,-0.41585743
1775,-0.16289723
1776,0.023961544
1777,-0.14634603
1778,-0.18129158
1779,-0.23728698
1780,-0.5326446
1781,-0.14750719
1782,-0.25866985
1783,-0.11096275
1784,-0.47079796
1785,-0.13560265
1786,-0.051552176
1787,-0.17509466
1788,-0.17509466
1789,-0.28047
1790,-0.45842856
1791,-0.45842856
1792,-0.21821678
1793,-0.21821678
1794,-0.17556918
1795,-0.2121762
1796,-0.14110678
1797,-0.05196917
1798,-0.047811806
1799,0.076397896
1800,-0.09616017
1801,-0.41198087
1802,-0.11960995
1803,0.09113288
1804,-0.3760243
1805,0.0008134842
1806,0.0055248737
1807,-0.025214434
1808,0.025180101
1809,-0.018841863
1810,-0.3479538
1811,-0.37233877
1812,-0.3591829
1813,-0.20998323
1814,-0.25126022
1815,-0.33873838
1816,-0.3898009
1817,-0.3584739
1818,-0.6201091
1819,-0.6374816
1820,-0.632596
1821,-0.32185793
1822,-0.24038446
1823,-0.32067645
1824,-0.596732
1825,-0.12017602
1826,-0.2983364
1827,-0.14402139
1828,-0.32324648
1829,-0.35017776
1830,-0.63680404
1831,-0.4057423
1832,-0.41466308
1833,-0.39022475
1834,-0.67243433
1835,-0.2738136
1836,-0.4642415
1837,-0.1896652
1838,-0.388224
1839,-0.2284702
1840,0.21732831
1841,0.101420164
1842,0.23412526
1843,0.021844506
1844,-0.044677198
1845,-0.0382334
1846,-0.09812713
1847,-0.42539835
1848,-0.49650627
1849,0.022463202
1850,0.1344943
1851,-0.27225757
1852,0.07516408
1853,0.07516408
1854,-0.27225757
1855,0.1344943
1856,0.1638534
1857,0.13558042
1858,0.2792523
1859,0.19029069
1860,-0.53301525
1861,-0.5178374
1862,-0.10337758
1863,-0.1578641
1864,-0.07101107
1865,-0.07101107
1866,0.051062465
1867,0.051062465
1868,0.027216911
1869,-0.16793495
1870,-0.68872094
1871,-0.48563617
1872,-0.32536006
1873,-0.4576205
1874,-0.68872094
1875,-0.34553653
1876,-0.41684586
1877,-0.41981465
1878,-0.25845551
1879,-0.4576205
1880,-0.10774964
1881,0.3362286
1882,0.32482266
1883,0.38455355
1884,-0.10774964
1885,0.46694696
1886,0.69300234
1887,0.50614846
1888,0.50614846
1889,0.53247404
1890,-0.7495222
1891,-0.6735917
1892,-0.47694433
1893,-0.47694433
1894,-0.4779142
1895,-0.3630541
1896,-0.3838945
1897,-0.42946494
1898,-0.40719473
1899,-0.34580833
1900,-0.06455797
1901,-0.41909456
1902,-0.17679852
1903,-0.06734657
1904,-0.4418115
1905,0.15023613
1906,-0.0051010847
1907,-0.03977096
1908,-0.15886319
1909,0.0473516
1910,-0.21917546
1911,-0.25074267
1912,-0.23603332
1913,-0.25931495
1914,-0.3098253
1915,-0.2640624
1916,-0.32525605
1917,-0.21883345
1918,-0.5802103
1919,-0.500748
1920,-0.56447494
1921,-0.6285907
1922,-0.2981274
1923,-0.45156318
1924,-0.39418
1925,-0.18645549
1926,-0.28331143
1927,-0.31424624
1928,-0.32993925
1929,-0.39418
1930,-0.34115148
1931,-0.6348558
1932,-0.6920891
1933,-0.4007225
1934,-0.40556574
1935,-0.32537717
1936,-0.25738657
1937,-0.21458447
1938,-0.38742173
1939,-0.3707556
1940,-0.58666193
1941,-0.01135087
1942,-0.1924578
1943,0.009541869
1944,-0.06850213
1945,-0.24595577
1946,-0.29087138
1947,-0.1538459
1948,-0.3078798
1949,-0.58147705
1950,-0.1590764
1951,-0.18252611
1952,-0.37689418
1953,-0.37689418
1954,-0.10637337
1955,-0.07171881
1956,0.12249613
1957,-0.04614222
1958,-0.10637337
1959,-0.04680872
1960,-0.06189859
1961,-0.098315835
1962,0.030073881
1963,0.079033494
1964,-0.17530316
1965,-0.19263005
1966,-0.19263005
1967,-0.35949993
1968,-0.4469391
1969,-0.09308857
1970,-0.1742953
1971,-0.6082714
1972,-0.39084947
1973,-0.39084947
1974,-0.6082714
1975,-0.1742953
1976,-0.28747344
1977,-0.09556675
1978,-0.26847392
1979,-0.28747344
1980,-0.4174354
1981,-0.48083222
1982,-0.08096695
1983,-0.18453741
1984,-0.23142111
1985,-0.038985014
1986,-0.061889052
1987,0.05564511
1988,0.05564511
1989,0.073810935
1990,-0.37276322
1991,-0.6249349
1992,-0.38786155
1993,-0.2421298
1994,-0.6249349
1995,-0.30168867
1996,-0.3548916
1997,-0.37638342
1998,-0.32498878
1999,-0.33050746
2000,-0.61335933
2001,-0.6431785
2002,-0.22742629
2003,-0.36721492
2004,-0.22727257
2005,-0.29160374
2006,-0.24448061
2007,-0.27916974
2008,-0.29160374
2009,-0.27905488
2010,-0.6406285
2011,-0.5512942
2012,-0.24441612
2013,-0.38554096
2014,-0.34048855
2015,-0.103663445
2016,-0.103663445
2017,-0.2825985
2018,-0.18961537
2019,-0.34048855
2020,-0.37117982
2021,-0.62233436
2022,-0.62710315
2023,-0.3741892
2024,-0.32056618
2025,-0.32056618
2026,-0.09410131
2027,-0.24592221
2028,-0.2849983
2029,-0.26063192
2030,-0.5826107
2031,-0.57784194
2032,-0.19649136
2033,-0.31917417
2034,-0.29244024
2035,-0.2689914
2036,-0.12206322
2037,-0.19367272
2038,-0.20838249
2039,-0.058822393
2040,-0.6243339
2041,-0.4564963
2042,-0.3790663
2043,-0.431839
2044,-0.6373625
2045,-0.31231374
2046,-0.2814741
2047,-0.2255733
2048,-0.26882827
2049,-0.3595233
2050,-0.51861274
2051,-0.5361741
2052,-0.24127293
2053,-0.26472175
2054,-0.20956242
2055,-0.18611276
2056,-0.032624483
2057,-0.09361136
2058,-0.10606241
2059,0.07493758
2060,-0.6663048
2061,-0.6663048
2062,-0.45541376
2063,-0.4139464
2064,-0.4335822
2065,-0.2631271
2066,-0.28778172
2067,-0.28536266
2068,-0.34728956
2069,-0.39155495
2070,-0.67974925
2071,-0.5906974
2072,-0.43184173
2073,-0.41497463
2074,-0.2964362
2075,-0.3209306
2076,-0.3467697
2077,-0.3321995
2078,-0.36257613
2079,-0.39156508
2080,-0.6094961
2081,-0.22016919
2082,-0.063187
2083,-0.20545948
2084,-0.14871097
2085,-0.25554633
2086,-0.25554633
2087,-0.23724377
2088,-0.3069653
2089,-0.49527448
2090,-0.57352394
2091,-0.27449358
2092,-0.13785976
2093,-0.5365905
2094,-0.194224
2095,-0.00054717064
2096,-0.12285054
2097,-0.16268402
2098,-0.024392605
2099,-0.18759418
2100,-0.36434364
2101,-0.4618634
2102,-0.20109773
2103,-0.030543566
2104,-0.13212287
2105,0.016729832
2106,-0.015162826
2107,-0.11004245
2108,0.035734653
2109,-0.09498024
2110,-0.28880107
2111,-0.58295596
2112,-0.5199958
2113,-0.28880107
2114,-0.2415595
2115,-0.20242357
2116,-0.22465229
2117,-0.028037846
2118,-0.2505418
2119,-0.05188322
2120,-0.4618672
2121,-0.34831285
2122,0.033905268
2123,-0.13100564
2124,-0.113220334
2125,-0.089770615
2126,0.039346695
2127,0.18444669
2128,0.017270565
2129,-0.05525446
2130,-0.2557844
2131,0.27324164
2132,0.1770184
2133,0.1370486
2134,-0.2945279
2135,0.2180965
2136,0.2180965
2137,0.27825975
2138,0.1370486
2139,0.42770886
2140,-0.5252564
2141,-0.5086721
2142,-0.23274171
2143,-0.1968733
2144,-0.15959477
2145,-0.1323036
2146,-0.084249854
2147,-0.084249854
2148,0.07831478
2149,-0.1792416
2150,-0.69820607
2151,-0.6945855
2152,-0.4098031
2153,-0.3403104
2154,-0.4098031
2155,-0.13905036
2156,-0.22457016
2157,-0.33644527
2158,-0.31221205
2159,-0.3689285
2160,-0.5564988
2161,-0.5564988
2162,-0.3227468
2163,-0.19494891
2164,-0.3227468
2165,-0.13781565
2166,-0.26969743
2167,-0.29284203
2168,-0.18825132
2169,-0.110638976
2170,-0.5061635
2171,0.0417639
2172,0.007894754
2173,-0.0673728
2174,0.044629693
2175,-0.17159343
2176,-0.1852014
2177,-0.23161614
2178,-0.025842547
2179,-0.4197179
2180,-0.24595189
2181,-0.632596
2182,-0.24595189
2183,-0.632596
2184,-0.31393468
2185,-0.354007
2186,-0.2777992
2187,-0.30108148
2188,-0.32599163
2189,-0.30270934
2190,-0.6346604
2191,-0.6346604
2192,-0.41849124
2193,-0.3210383
2194,-0.3940531
2195,-0.3251245
2196,-0.36105692
2197,-0.33983427
2198,-0.37576663
2199,-0.3940531
2200,-0.28723985
2201,-0.7022284
2202,-0.6498634
2203,-0.41612166
2204,-0.39457762
2205,-0.44519216
2206,-0.27704364
2207,-0.3285246
2208,-0.38143152
2209,-0.24767041
2210,-0.5435974
2211,-0.5620543
2212,-0.325859
2213,-0.30240905
2214,-0.25222534
2215,-0.27567512
2216,-0.17758131
2217,-0.119267344
2218,-0.13491088
2219,-0.19229102
2220,-0.5306143
2221,-0.32190126
2222,-0.28669822
2223,-0.2989154
2224,-0.5879615
2225,-0.15367973
2226,-0.15367973
2227,-0.17858988
2228,-0.009596169
2229,-0.23832321
2230,-0.19757259
2231,-0.27045995
2232,0.31766748
2233,0.31766748
2234,0.21921301
2235,0.33680916
2236,0.24007487
2237,0.24007487
2238,0.19904113
2239,0.2714088
2240,-0.6505554
2241,-0.42935222
2242,-0.40692037
2243,-0.38020992
2244,-0.60953456
2245,-0.24372554
2246,-0.17866099
2247,-0.2866429
2248,-0.2866429
2249,-0.40441215
2250,-0.5784025
2251,-0.3409602
2252,-0.41361678
2253,-0.36656106
2254,-0.57956064
2255,-0.30900824
2256,-0.32922965
2257,-0.34957802
2258,-0.38426697
2259,-0.41121352
2260,-0.46462327
2261,-0.4884531
2262,-0.12123793
2263,-0.20110941
2264,-0.048046827
2265,-0.11381441
2266,-0.06491768
2267,-0.0787946
2268,-0.10316074
2269,0.08838105
2270,-0.14843643
2271,-0.2864653
2272,0.00022482872
2273,0.054926634
2274,-0.4071092
2275,0.15360951
2276,0.05530989
2277,-0.04216206
2278,-0.04216206
2279,-0.06255931
2280,-0.3358932
2281,-0.3358932
2282,-0.013587832
2283,0.17751694
2284,-0.013587832
2285,0.13654315
2286,0.20541477
2287,0.037647486
2288,0.114584684
2289,0.114584684
2290,-0.6665614
2291,-0.56742513
2292,-0.39865565
2293,-0.4242931
2294,-0.42824763
2295,-0.39496744
2296,-0.3471769
2297,-0.3471769
2298,-0.34476906
2299,-0.27974802
2300,-0.29637122
2301,-0.25352126
2302,0.21654582
2303,0.09447706
2304,0.32689893
2305,0.19362986
2306,0.28765833
2307,0.32058024
2308,0.2578628
2309,0.3236482
2310,-0.41152638
2311,-0.53491634
2312,-0.30366683
2313,-0.11807448
2314,-0.20385659
2315,-0.24752349
2316,-0.11558598
2317,0.024224997
2318,-0.07630575
2319,-0.21498841
2320,-0.4639603
2321,-0.21795464
2322,-0.21795464
2323,-0.17840832
2324,-0.52947134
2325,-0.15576637
2326,-0.11898148
2327,-0.023911715
2328,-0.17227387
2329,-0.11340779
2330,-0.59344983
2331,-0.59344983
2332,-0.31142378
2333,-0.3304268
2334,-0.23657548
2335,-0.26436722
2336,-0.1335063
2337,-0.013358176
2338,-0.12884563
2339,-0.02474463
2340,-0.27070332
2341,-0.072054565
2342,0.025879502
2343,-0.002625227
2344,-0.39606065
2345,0.16517615
2346,0.07617521
2347,0.034582376
2348,0.034582376
2349,-0.02265966
2350,-0.42669624
2351,-0.15065688
2352,-0.13082767
2353,-0.13655579
2354,-0.47124422
2355,-0.06334567
2356,-0.06334567
2357,-0.1129998
2358,-0.1129998
2359,-0.13655579
2360,-0.67359024
2361,-0.5645225
2362,-0.38547713
2363,-0.4391538
2364,-0.29987383
2365,-0.42380917
2366,-0.22681081
2367,-0.3961407
2368,-0.43086988
2369,-0.38143086
2370,-0.3090937
2371,-0.58785117
2372,-0.32941592
2373,-0.26185197
2374,-0.4808681
2375,-0.011304021
2376,-0.20514661
2377,-0.19265604
2378,-0.1759556
2379,-0.20086575
2380,-0.36759895
2381,-0.3345387
2382,-0.3473096
2383,-0.15546197
2384,-0.3786626
2385,-0.368959
2386,-0.37254363
2387,-0.4265039
2388,-0.62234104
2389,-0.6051537
2390,-0.2773471
2391,-0.058383524
2392,-0.058383524
2393,-0.025865674
2394,-0.3541221
2395,0.13998628
2396,0.11896253
2397,0.10668445
2398,0.10668445
2399,-0.047806025
2400,-0.25071192
2401,-0.011427224
2402,-0.11201954
2403,0.10494685
2404,-0.34419465
2405,0.24691296
2406,-0.008678198
2407,0.08329153
2408,0.09844208
2409,0.10395813
2410,0.4816388
2411,0.4816388
2412,0.54967046
2413,0.497041
2414,0.4661206
2415,0.39063764
2416,0.49777603
2417,0.037043452
2418,-0.023035705
2419,0.4661206
2420,-0.31790948
2421,-0.5001224
2422,-0.19449985
2423,-0.3871374
2424,-0.6649585
2425,-0.37946677
2426,-0.26458418
2427,-0.27254903
2428,-0.27585304
2429,-0.29944938
2430,-0.03856337
2431,-0.15633774
2432,0.2517922
2433,0.2596767
2434,0.32191086
2435,0.4560113
2436,0.39027143
2437,0.44710708
2438,0.55306625
2439,0.32191086
2440,-0.20366192
2441,-0.3946758
2442,-0.4585712
2443,-0.17452008
2444,-0.030591428
2445,-0.051006317
2446,-0.051567912
2447,-0.051567912
2448,-0.06972343
2449,-0.13687873
2450,-0.08326173
2451,-0.42681104
2452,-0.42681104
2453,-0.08326173
2454,-0.03573346
2455,0.14147043
2456,0.13995194
2457,0.17496061
2458,0.13530052
2459,-0.022125363
2460,-0.5033159
2461,-0.5859057
2462,-0.305705
2463,-0.21259779
2464,-0.15789586
2465,-0.22046971
2466,-0.20446545
2467,-0.24537987
2468,-0.24537987
2469,-0.31471062
2470,-0.41968936
2471,-0.63706803
2472,-0.63706803
2473,-0.34974515
2474,-0.39036387
2475,-0.39036387
2476,-0.33192062
2477,-0.33192062
2478,-0.39066404
2479,-0.39066404
2480,-0.56525344
2481,-0.6503409
2482,-0.4051875
2483,-0.26777452
2484,-0.33635426
2485,-0.29968446
2486,-0.27364147
2487,-0.21977782
2488,-0.28539944
2489,-0.22360194
2490,-0.45909727
2491,-0.07561898
2492,0.039025545
2493,-0.06571603
2494,-0.5342827
2495,0.042817593
2496,-0.03575051
2497,-0.015258193
2498,0.019250393
2499,-0.06571603
2500,-0.27476037
2501,0.049848318
2502,0.19932675
2503,0.24687767
2504,-0.29810798
2505,0.24685526
2506,0.26452768
2507,0.19625413
2508,0.19625413
2509,0.24687767
2510,-0.47961283
2511,-0.5373076
2512,-0.2945993
2513,-0.22499007
2514,-0.23309499
2515,-0.14834511
2516,-0.1559946
2517,-0.2048434
2518,-0.16080523
2519,-0.17993319
2520,0.38695788
2521,0.52791
2522,0.52791
2523,0.38695788
2524,0.5204319
2525,0.7009351
2526,0.5451678
2527,0.5293306
2528,0.6850983
2529,0.67711604
2530,0.3160715
2531,0.37457347
2532,0.19772983
2533,0.2167983
2534,0.2167983
2535,0.20059943
2536,0.05245936
2537,0.05245936
2538,-0.06443715
2539,-0.14023769
2540,-0.57106334
2541,-0.5573894
2542,-0.23446083
2543,-0.25245
2544,-0.15343344
2545,-0.10231948
2546,-0.013347268
2547,-0.03174162
2548,-0.21815407
2549,-0.25245
2550,-0.52923065
2551,-0.51546735
2552,-0.24303603
2553,-0.13677299
2554,-0.22188616
2555,0.108395934
2556,0.108395934
2557,0.09620631
2558,0.09620631
2559,-0.16311574
2560,-0.4056474
2561,-0.14459997
2562,-0.10781515
2563,-0.087174
2564,-0.04684031
2565,-0.17717719
2566,-0.112579405
2567,-0.17369866
2568,-0.035440803
2569,-0.47447932
2570,-0.4342128
2571,-0.40065062
2572,-0.5583999
2573,-0.6314941
2574,-0.37555754
2575,-0.36006355
2576,-0.2413925
2577,-0.28008878
2578,-0.325149
2579,-0.2897339
2580,-0.58795905
2581,-0.58317345
2582,-0.38841546
2583,-0.38841546
2584,-0.3423471
2585,-0.14927757
2586,-0.27385587
2587,-0.27545178
2588,-0.27545178
2589,-0.24903822
2590,-0.338544
2591,-0.56937444
2592,-0.5896987
2593,-0.3609761
2594,-0.29202002
2595,-0.21416092
2596,-0.11266202
2597,-0.15948796
2598,-0.073367834
2599,-0.31445205
2600,-0.41213477
2601,-0.57096064
2602,-0.6557698
2603,-0.2749998
2604,-0.40023774
2605,-0.3094616
2606,-0.32268244
2607,-0.32268244
2608,-0.3094616
2609,-0.25612545
2610,-0.6329142
2611,-0.726334
2612,-0.5107435
2613,-0.5107435
2614,-0.30981994
2615,-0.3812964
2616,-0.3569705
2617,-0.19928354
2618,-0.31379962
2619,-0.4429676
2620,-0.34389007
2621,-0.5674044
2622,-0.4898371
2623,-0.31952983
2624,-0.31091762
2625,-0.08559728
2626,-0.07244146
2627,-0.2066567
2628,-0.27508932
2629,-0.22707951
2630,0.28937006
2631,0.50578904
2632,0.3951075
2633,0.39076972
2634,0.34233856
2635,0.14113247
2636,0.14113247
2637,-0.07821429
2638,-0.02586037
2639,0.3370843
2640,-0.46964145
2641,0.038272023
2642,-0.49412173
2643,-0.0822165
2644,-0.09211564
2645,0.041549325
2646,0.17033088
2647,0.017600775
2648,-0.038888097
2649,-0.09211564
2650,-0.48057598
2651,-0.55363786
2652,-0.28920233
2653,-0.28920233
2654,-0.24217415
2655,-0.08861518
2656,-0.18779588
2657,-0.20028806
2658,-0.0135730505
2659,-0.18779588
2660,-0.41851538
2661,-0.5801556
2662,-0.44669455
2663,-0.65919626
2664,-0.37898618
2665,-0.13658452
2666,-0.29728496
2667,-0.3216598
2668,-0.35075516
2669,-0.40716565
2670,-0.5945724
2671,-0.5945724
2672,-0.38714576
2673,-0.38714576
2674,-0.3893081
2675,-0.4220845
2676,-0.17187381
2677,-0.25306898
2678,-0.33986783
2679,-0.28999168
2680,-0.607267
2681,-0.18963695
2682,-0.18963695
2683,-0.25079256
2684,-0.607267
2685,-0.24191213
2686,-0.051647663
2687,-0.24245608
2688,-0.0754931
2689,-0.15727031
2690,-0.58147335
2691,-0.2648654
2692,-0.112318456
2693,-0.22215861
2694,-0.58147335
2695,-0.14962852
2696,-0.060233116
2697,-0.05147338
2698,-0.19890481
2699,-0.24560833
2700,-0.6495013
2701,-0.6724487
2702,-0.42714632
2703,-0.293424
2704,-0.39899886
2705,-0.43374252
2706,-0.3012811
2707,-0.35393667
2708,-0.3350886
2709,-0.31708002
2710,-0.16108924
2711,-0.51507026
2712,-0.47722197
2713,-0.20715648
2714,-0.13976216
2715,0.034936905
2716,-0.12986147
2717,0.008937359
2718,-0.1569258
2719,-0.1613285
2720,-0.15897548
2721,-0.09744632
2722,-0.09744632
2723,0.05159855
2724,-0.08155453
2725,-0.06478381
2726,-0.15712655
2727,-0.04355228
2728,-0.53114164
2729,-0.4566322
2730,-0.6291841
2731,-0.6291841
2732,-0.3964417
2733,-0.1916011
2734,-0.33047438
2735,-0.2517507
2736,-0.27731925
2737,-0.28858805
2738,-0.20800805
2739,-0.1916011
2740,-0.5632819
2741,-0.6698743
2742,-0.38506216
2743,-0.3824098
2744,-0.41484272
2745,-0.3279099
2746,-0.23852491
2747,-0.28487432
2748,-0.32550204
2749,-0.3824098
2750,-0.6503804
2751,-0.35376334
2752,-0.35376334
2753,-0.23201787
2754,-0.32885325
2755,-0.4203726
2756,-0.39897823
2757,-0.4357885
2758,-0.41439438
2759,-0.56240475
2760,-0.41263074
2761,-0.35848582
2762,-0.45556587
2763,-0.58847517
2764,-0.32129627
2765,-0.23747396
2766,-0.0896464
2767,-0.23587799
2768,-0.23747396
2769,-0.22276044
2770,-0.51457876
2771,-0.48774314
2772,-0.3453803
2773,-0.31079268
2774,-0.13033003
2775,-0.2022506
2776,-0.21468246
2777,-0.06998545
2778,-0.06998545
2779,-0.22372508
2780,-0.20680833
2781,-0.5499233
2782,-0.5159747
2783,-0.23355699
2784,-0.18950784
2785,-0.11540878
2786,-0.124041915
2787,-0.05440879
2788,-0.079001665
2789,-0.19695163
2790,-0.18457043
2791,-0.34575468
2792,-0.41454422
2793,-0.14346313
2794,-0.037255287
2795,0.15186632
2796,-0.06806201
2797,0.053049326
2798,0.020883799
2799,-0.08783448
2800,-0.3859409
2801,-0.3859409
2802,-0.21957082
2803,-0.1932007
2804,-0.11144948
2805,-0.08725226
2806,-0.076643586
2807,-0.06329614
2808,-0.0947991
2809,-0.11144948
2810,-0.36811423
2811,-0.56386465
2812,-0.58225507
2813,-0.36811423
2814,-0.3514424
2815,-0.34456992
2816,-0.1819371
2817,-0.34456992
2818,-0.31406915
2819,-0.25104326
2820,-0.31159085
2821,-0.11873758
2822,-0.26605582
2823,-0.26605582
2824,-0.23185164
2825,-0.34895873
2826,-0.22954273
2827,-0.5919559
2828,-0.5231888
2829,-0.33101672
2830,-0.35553294
2831,-0.04610908
2832,-0.34353274
2833,-0.05467236
2834,0.080681086
2835,0.12562108
2836,0.12562108
2837,0.12305677
2838,0.30762744
2839,0.018413782
2840,-0.27454633
2841,-0.20602018
2842,0.0481987
2843,0.07888508
2844,0.079618454
2845,0.05359173
2846,0.14726472
2847,0.16485119
2848,0.16485119
2849,0.17420769
2850,-0.23314154
2851,-0.34182596
2852,0.040665865
2853,0.003727436
2854,-0.00092566013
2855,0.06835616
2856,0.043989897
2857,0.09257138
2858,0.05241418
2859,0.15707898
2860,-0.30868703
2861,-0.34804183
2862,0.007457018
2863,0.007457018
2864,0.19962442
2865,0.09716201
2866,0.09716201
2867,0.06614816
2868,0.067212105
2869,0.05118966
2870,-0.18020093
2871,-0.37627548
2872,-0.37627548
2873,-0.18932319
2874,-0.053362727
2875,-0.10672176
2876,0.049936533
2877,-0.031615317
2878,-0.13631141
2879,-0.17413425
2880,-0.60034704
2881,-0.59604514
2882,-0.23704785
2883,-0.27840364
2884,-0.21683908
2885,-0.24698853
2886,-0.16814089
2887,-0.11578596
2888,-0.12962192
2889,-0.19242197
2890,-0.4336185
2891,-0.3037452
2892,-0.24208951
2893,-0.18146116
2894,-0.5185052
2895,-0.12651753
2896,-0.04382795
2897,-0.009276509
2898,-0.14623678
2899,-0.18266916
2900,-0.4649775
2901,-0.52662754
2902,-0.2004801
2903,-0.13913918
2904,0.026474953
2905,-0.09837675
2906,-0.012686253
2907,-0.042715788
2908,-0.038020134
2909,-0.061440945
2910,-0.46990585
2911,-0.111530125
2912,-0.2533381
2913,-0.2064538
2914,-0.44818258
2915,-0.18375868
2916,-0.14577079
2917,-0.1554951
2918,-0.1611734
2919,-0.2064538
2920,-0.37732112
2921,0.0053987503
2922,-0.10515809
2923,-0.062628984
2924,-0.3566121
2925,-0.013353467
2926,-0.014465094
2927,0.04012513
2928,-0.03826356
2929,0.036496162
2930,-0.0748595
2931,-0.15701723
2932,0.116710186
2933,0.18192554
2934,0.27387607
2935,0.23263979
2936,0.32212114
2937,0.28655577
2938,0.2747134
2939,0.47068095
2940,-0.32504725
2941,-0.5248961
2942,-0.2190094
2943,-0.31610882
2944,-0.6360343
2945,-0.08330512
2946,-0.28478956
2947,-0.30969965
2948,-0.107150555
2949,-0.18664277
2950,-0.60566306
2951,-0.60566306
2952,-0.36502802
2953,-0.34555775
2954,-0.3122651
2955,-0.23782939
2956,-0.23866212
2957,-0.0721401
2958,-0.19598413
2959,-0.26062083
2960,-0.6499691
2961,-0.3907019
2962,-0.40188807
2963,-0.3719144
2964,-0.55605936
2965,-0.20561737
2966,-0.23897213
2967,-0.3245753
2968,-0.3022645
2969,-0.36626387
2970,-0.22562945
2971,0.09854388
2972,0.11495638
2973,0.15283346
2974,-0.13560933
2975,0.2158413
2976,0.24795425
2977,0.20058727
2978,0.21630883
2979,0.15283346
2980,-0.2708891
2981,-0.40505064
2982,-0.06553328
2983,0.011007667
2984,0.16539764
2985,0.08107543
2986,0.2854538
2987,0.16951346
2988,0.27476072
2989,0.09843898
2990,-0.3676455
2991,-0.53833747
2992,-0.3676455
2993,-0.6195838
2994,-0.21652174
2995,-0.1269626
2996,-0.23167682
2997,-0.20518523
2998,-0.20762289
2999,-0.31703186
3000,-0.5934183
3001,-0.53849167
3002,-0.3491367
3003,-0.3362491
3004,-0.32248777
3005,-0.2854162
3006,-0.103200495
3007,-0.20874774
3008,-0.29709786
3009,-0.21762407
3010,-0.5942519
3011,-0.21271151
3012,-0.35453582
3013,-0.28448212
3014,-0.5942519
3015,-0.21155465
3016,-0.21155465
3017,-0.17016512
3018,-0.23150158
3019,-0.17409724
3020,-0.45408797
3021,-0.45408797
3022,-0.14081776
3023,-0.085989
3024,-0.14081776
3025,-0.025431752
3026,-0.02409041
3027,-0.04033768
3028,-0.04033768
3029,-0.085989
3030,-0.58063173
3031,-0.23057091
3032,-0.043262362
3033,-0.14035845
3034,-0.23049688
3035,-0.24774957
3036,-0.25529486
3037,-0.33460683
3038,-0.20921534
3039,-0.4952078
3040,-0.50527614
3041,-0.081956744
3042,-0.5056054
3043,-0.08643448
3044,-0.14598417
3045,-0.10302055
3046,-0.1229471
3047,-0.13765681
3048,-0.11773026
3049,-0.04608172
3050,-0.58741796
3051,-0.58741796
3052,-0.27701944
3053,-0.12534714
3054,-0.16047108
3055,-0.2491048
3056,-0.014967203
3057,-0.17620522
3058,-0.17712069
3059,-0.10354179
3060,-0.71256834
3061,-0.44817853
3062,-0.3366061
3063,-0.42598283
3064,-0.5940719
3065,-0.22815251
3066,-0.37359536
3067,-0.24130833
3068,-0.36656326
3069,-0.42598283
3070,-0.5174316
3071,-0.19412047
3072,-0.19213998
3073,-0.14752263
3074,-0.42660832
3075,-0.079303324
3076,-0.079303324
3077,-0.1384064
3078,-0.11031723
3079,-0.14950311
3080,-0.50416434
3081,-0.5055091
3082,-0.23103094
3083,-0.17866755
3084,-0.08644271
3085,-0.022975206
3086,-0.08168423
3087,-0.0830515
3088,-0.0830515
3089,-0.044009328
3090,-0.34703708
3091,-0.5326777
3092,-0.5942111
3093,-0.37152457
3094,-0.19442451
3095,-0.1657753
3096,-0.07737315
3097,-0.29254746
3098,-0.26818162
3099,-0.19442451
3100,0.060777187
3101,-0.035931587
3102,-0.035931587
3103,0.026657104
3104,0.026657104
3105,-0.06823945
3106,0.022757411
3107,-0.11204314
3108,-0.4092695
3109,-0.4092695
3110,-0.30436403
3111,-0.35799575
3112,0.029441953
3113,-0.0045785904
3114,-0.0048974752
3115,0.09218156
3116,0.049463034
3117,0.01954329
3118,0.06226182
3119,-0.0045785904
3120,-0.552688
3121,-0.4656756
3122,-0.2718801
3123,-0.19875705
3124,-0.27258974
3125,0.018574476
3126,-0.13752109
3127,-0.16350019
3128,-0.13911712
3129,-0.19875705
3130,-0.44484597
3131,-0.0808444
3132,-0.039798737
3133,-0.20296955
3134,-0.15836406
3135,-0.19825834
3136,-0.19825834
3137,-0.31522226
3138,-0.2866937
3139,-0.5574566
3140,-0.31078827
3141,-0.34460115
3142,-0.5626483
3143,-0.56087387
3144,-0.15155184
3145,-0.26182175
3146,-0.27709204
3147,-0.074400544
3148,-0.2071284
3149,-0.2888295
3150,-0.52275765
3151,-0.53790665
3152,-0.15476692
3153,-0.1613828
3154,-0.18375945
3155,0.059251547
3156,-0.14780039
3157,-0.046884656
3158,-0.16298771
3159,-0.046687484
3160,-0.2388295
3161,-0.38665813
3162,-0.485368
3163,-0.17751098
3164,-0.032302678
3165,-0.11438382
3166,0.006938219
3167,-0.09492469
3168,-0.09001768
3169,-0.032302678
3170,-0.3445534
3171,-0.5858512
3172,-0.63640535
3173,-0.2798379
3174,-0.2976479
3175,-0.24831265
3176,-0.27106172
3177,-0.28256214
3178,-0.24831265
3179,-0.27315927
3180,-0.2537983
3181,-0.16328973
3182,0.13049364
3183,0.117025614
3184,0.12900925
3185,0.28554583
3186,0.33641946
3187,0.16821933
3188,0.3318429
3189,0.17149687
3190,0.0067546368
3191,-0.37200367
3192,-0.25532132
3193,0.0067546368
3194,0.077739954
3195,0.35532117
3196,0.2451415
3197,0.1375612
3198,0.048356056
3199,0.1838026
3200,-0.10025573
3201,0.07727802
3202,0.093208194
3203,-0.08058691
3204,-0.12054813
3205,0.00030636787
3206,-0.19143099
3207,-0.466282
3208,-0.5122435
3209,0.026483893
3210,-0.61281794
3211,-0.20260417
3212,-0.61281794
3213,-0.34142995
3214,-0.2641083
3215,-0.20632017
3216,-0.24310493
3217,-0.22946072
3218,-0.030476332
3219,-0.2641083
3220,-0.46002108
3221,-0.49758995
3222,-0.2812931
3223,-0.14948022
3224,-0.29932982
3225,-0.1768493
3226,-0.22078973
3227,-0.15824628
3228,-0.22579658
3229,-0.2023651
3230,0.10619962
3231,-0.22966158
3232,-0.3453244
3233,0.063838124
3234,0.12250829
3235,0.084043264
3236,0.21197057
3237,0.21727002
3238,0.38947928
3239,0.23501635
3240,-0.40209836
3241,-0.40209836
3242,-0.04595095
3243,-0.16267848
3244,-0.00046390295
3245,-0.06463635
3246,-0.07209945
3247,-0.10551
3248,-0.008069873
3249,-0.14217484
3250,-0.2417959
3251,-0.43655896
3252,-0.43655896
3253,-0.26524603
3254,-0.19130808
3255,-0.19130808
3256,0.059435844
3257,0.059435844
3258,-0.052533984
3259,-0.13027716
3260,-0.42985684
3261,-0.4800682
3262,-0.093082905
3263,-0.050233006
3264,-0.08705813
3265,-0.08705813
3266,0.19918656
3267,-0.0041148663
3268,-0.016761959
3269,-0.016761959
3270,-0.3974489
3271,-0.21265733
3272,-0.21599853
3273,-0.1636231
3274,-0.5307838
3275,0.11985695
3276,-0.0749042
3277,-0.08784443
3278,-0.08784443
3279,0.009141684
3280,-0.47803015
3281,-0.561016
3282,-0.19736218
3283,-0.24904096
3284,-0.26828635
3285,-0.2926926
3286,-0.230892
3287,-0.25320238
3288,-0.19072044
3289,-0.18566859
3290,-0.63173336
3291,-0.41544062
3292,-0.44062835
3293,-0.37559456
3294,-0.6044295
3295,-0.3346042
3296,-0.3122934
3297,-0.31653672
3298,-0.326514
3299,-0.29621685
3300,-0.30022156
3301,0.049964547
3302,0.1668446
3303,0.16154313
3304,-0.19078338
3305,0.20585465
3306,0.19790673
3307,0.21835315
3308,0.17844772
3309,0.16154313
3310,-0.5981832
3311,-0.651055
3312,-0.3298862
3313,-0.39917654
3314,-0.24961072
3315,-0.24961072
3316,-0.14107352
3317,-0.303505
3318,-0.303505
3319,-0.14107352
3320,-0.10151887
3321,-0.28009033
3322,0.0976429
3323,0.035405636
3324,-0.28009033
3325,-0.0063694715
3326,0.019450188
3327,0.035405636
3328,0.03968823
3329,0.040452123
3330,0.17299902
3331,0.105575085
3332,0.06057906
3333,0.06057906
3334,0.021828175
3335,0.09863496
3336,0.086952925
3337,0.15995288
3338,-0.25688756
3339,-0.31842846
3340,-0.4932506
3341,-0.17896986
3342,-0.09432638
3343,-0.10502052
3344,-0.4794873
3345,0.0161798
3346,0.08691645
3347,-0.0015354753
3348,-0.009079874
3349,0.064995766
3350,-0.65285957
3351,-0.39264923
3352,-0.25455993
3353,-0.39641726
3354,-0.60870016
3355,-0.1016503
3356,-0.39641726
3357,-0.31355447
3358,-0.27820992
3359,-0.28864443
3360,-0.06870258
3361,-0.08474952
3362,0.051505327
3363,-0.116785884
3364,-0.0697518
3365,-0.24207282
3366,-0.24207282
3367,-0.57733446
3368,-0.57733446
3369,-0.20420092
3370,0.0840621
3371,-0.47632015
3372,-0.08927369
3373,-0.16925544
3374,-0.46255696
3375,0.0840621
3376,0.0069224834
3377,-0.030775428
3378,-0.003832221
3379,-0.0037055612
3380,-0.3414775
3381,-0.33550555
3382,-0.07985145
3383,-0.07985145
3384,0.054364204
3385,-0.016842723
3386,0.15486121
3387,0.09043324
3388,0.21672297
3389,0.0392313
3390,-0.627986
3391,-0.37168342
3392,-0.39513326
3393,-0.31589878
3394,-0.669866
3395,-0.24343026
3396,-0.24343026
3397,-0.2877893
3398,-0.18977958
3399,-0.32524776
3400,-0.63547045
3401,-0.2568745
3402,-0.2568745
3403,-0.21450162
3404,-0.6456794
3405,-0.30703163
3406,-0.120476484
3407,-0.28034055
3408,-0.28034055
3409,-0.32581377
3410,-0.5623289
3411,-0.5623289
3412,-0.13601875
3413,-0.3443144
3414,-0.2719177
3415,-0.23604965
3416,0.008181691
3417,-0.029760122
3418,-0.21302283
3419,0.008181691
3420,-0.44077915
3421,-0.5787612
3422,-0.5787612
3423,-0.44077915
3424,-0.48244452
3425,-0.41781253
3426,-0.3670346
3427,-0.20593935
3428,-0.3783033
3429,-0.3547896
3430,-0.62309635
3431,-0.5982876
3432,-0.33721656
3433,-0.31376666
3434,-0.26776135
3435,-0.1384896
3436,-0.0762257
3437,-0.132101
3438,-0.24312484
3439,-0.22156423
3440,-0.5179193
3441,-0.3841924
3442,-0.21080202
3443,-0.17493355
3444,-0.16594243
3445,-0.10509896
3446,-0.05939144
3447,-0.13310981
3448,-0.1550684
3449,-0.08028519
3450,-0.46692967
3451,-0.46692967
3452,-0.26456797
3453,-0.26456797
3454,-0.20558661
3455,-0.18068576
3456,-0.06494784
3457,-0.09607911
3458,-0.10023695
3459,0.01307559
3460,-0.065666616
3461,0.23979783
3462,0.23979783
3463,0.16045976
3464,0.0607152
3465,0.30483437
3466,0.27370334
3467,0.21186745
3468,0.21186745
3469,0.16611958
3470,-0.4255786
3471,-0.45152813
3472,-0.19443834
3473,-0.19443834
3474,-0.18269098
3475,-0.04216683
3476,0.044615865
3477,0.044615865
3478,0.030278206
3479,-0.017086029
3480,-0.50969315
3481,-0.22098863
3482,-0.0980674
3483,-0.09320712
3484,-0.49957126
3485,-0.15512037
3486,-0.17743099
3487,-0.09609532
3488,-0.14994556
3489,-0.24861276
3490,-0.33251
3491,-0.057692647
3492,-0.033101678
3493,0.028493047
3494,-0.42794728
3495,0.11945069
3496,0.17948008
3497,0.25743532
3498,0.08254242
3499,0.028493047
3500,-0.40256846
3501,-0.40256846
3502,-0.0043469667
3503,-0.0043469667
3504,0.029001832
3505,-0.1155417
3506,0.008040905
3507,0.03832507
3508,0.17154169
3509,-0.0086762905
3510,-0.098158956
3511,-0.36596304
3512,-0.03838086
3513,-0.049797356
3514,-0.49443823
3515,0.07225084
3516,0.16836166
3517,-0.027991533
3518,0.09497249
3519,0.07957029
3520,0.27955556
3521,0.27955556
3522,0.30019653
3523,0.28567183
3524,0.36878037
3525,0.20166886
3526,0.3072809
3527,0.118531466
3528,-0.23758161
3529,-0.23892677
3530,-0.3320806
3531,-0.1163677
3532,-0.1163677
3533,-0.09802157
3534,-0.45388728
3535,0.18465912
3536,-0.032777905
3537,-0.034503937
3538,-0.034503937
3539,-0.09802157
3540,-0.48941648
3541,-0.30891043
3542,-0.30891043
3543,-0.27965367
3544,-0.48941648
3545,-0.010643303
3546,-0.26185423
3547,-0.19813234
3548,-0.1264894
3549,-0.12631476
3550,-0.36273658
3551,-0.25324893
3552,-0.29135478
3553,-0.29135478
3554,-0.38342714
3555,-0.26805955
3556,-0.38893962
3557,-0.59713805
3558,-0.6383891
3559,-0.32666075
3560,0.086371064
3561,-0.37339622
3562,0.16750085
3563,-0.05052209
3564,-0.28804326
3565,0.08950114
3566,0.112648964
3567,0.092007995
3568,0.092007995
3569,0.10323334
3570,-0.49913955
3571,-0.6117387
3572,-0.34544444
3573,-0.24005377
3574,-0.30042297
3575,-0.16126835
3576,-0.2646215
3577,-0.28657973
3578,-0.075246334
3579,-0.26455498
3580,-0.22655946
3581,-0.48741883
3582,-0.48741883
3583,-0.19069105
3584,-0.17438084
3585,-0.092187405
3586,-0.11426246
3587,-0.11426246
3588,-0.048149288
3589,-0.124256015
3590,0.25392663
3591,-0.15099496
3592,-0.09089881
3593,0.27293706
3594,0.31763625
3595,0.38702703
3596,0.4234612
3597,0.4234612
3598,0.38702703
3599,0.41791177
3600,-0.29210937
3601,-0.13734657
3602,0.04952538
3603,0.029983759
3604,0.10417342
3605,0.3561988
3606,0.25454402
3607,0.42183733
3608,0.23160183
3609,0.12371552
3610,-0.15051055
3611,-0.54247284
3612,-0.47043896
3613,-0.15051055
3614,-0.107120514
3615,-0.085163
3616,-0.11646783
3617,-0.22177422
3618,-0.16651994
3619,-0.19088608
3620,-0.5959776
3621,-0.5200742
3622,-0.37588984
3623,-0.39110637
3624,-0.21124083
3625,-0.18719351
3626,-0.26011932
3627,-0.25388223
3628,-0.20083845
3629,-0.31891733
3630,0.29103053
3631,0.0018650293
3632,-0.08562046
3633,0.29103053
3634,0.34016705
3635,0.38798177
3636,0.38961482
3637,0.43742955
3638,0.34331775
3639,0.50242305
3640,-0.6185426
3641,-0.6185426
3642,-0.23152119
3643,-0.37174225
3644,-0.3014815
3645,-0.3014815
3646,-0.20781362
3647,-0.21197999
3648,-0.2457583
3649,-0.22203422
3650,-0.6937291
3651,-0.462754
3652,-0.31985795
3653,-0.40540683
3654,-0.6877571
3655,-0.17800927
3656,-0.334777
3657,-0.37945145
3658,-0.19729304
3659,-0.40540683
3660,-0.5684452
3661,-0.57441705
3662,-0.1634183
3663,-0.1634183
3664,-0.24725175
3665,-0.29203057
3666,-0.12506032
3667,-0.017590046
3668,-0.20855343
3669,-0.027794242
3670,-0.3149392
3671,0.1672852
3672,0.054868698
3673,0.046662807
3674,-0.3888299
3675,0.2625724
3676,0.18305302
3677,0.15084147
3678,0.17531204
3679,0.2141912
3680,-0.38045394
3681,-0.096657634
3682,0.003382206
3683,-0.08236539
3684,-0.37549353
3685,-0.072509825
3686,0.04124093
3687,0.008461952
3688,0.008461952
3689,-0.06664252
3690,-0.53192735
3691,-0.5178701
3692,-0.29634023
3693,-0.18493938
3694,-0.25363386
3695,-0.06729442
3696,-0.15702558
3697,-0.11101788
3698,-0.18311769
3699,-0.15702558
3700,-0.31944537
3701,-0.54278624
3702,-0.31944537
3703,-0.28048778
3704,-0.5723767
3705,-0.13774788
3706,-0.17309022
3707,-0.18731076
3708,-0.04101777
3709,-0.13198656
3710,-0.5899775
3711,-0.6071648
3712,-0.37235522
3713,-0.40616792
3714,-0.34841883
3715,-0.22901618
3716,-0.1584115
3717,-0.3474337
3718,-0.33159816
3719,-0.33159816
3720,-0.5826925
3721,-0.25510073
3722,-0.1759628
3723,-0.23027098
3724,-0.4601568
3725,-0.0017687082
3726,-0.14666158
3727,-0.14050567
3728,-0.14050567
3729,-0.20640516
3730,-0.5801754
3731,-0.37733227
3732,-0.27476484
3733,-0.29071134
3734,-0.5801754
3735,-0.24366176
3736,-0.24366176
3737,-0.22565162
3738,-0.29587066
3739,-0.19549501
3740,-0.5221286
3741,-0.5221286
3742,-0.31881392
3743,-0.31881392
3744,-0.27132833
3745,-0.11653209
3746,-0.18809193
3747,-0.24367929
3748,-0.17466468
3749,-0.18566108
3750,-0.22255766
3751,-0.5534057
3752,-0.24600738
3753,-0.5534057
3754,-0.179851
3755,0.08226323
3756,-0.10756552
3757,-0.1336577
3758,-0.041971445
3759,-0.023863852
3760,-0.61064535
3761,-0.59957576
3762,-0.3379628
3763,-0.3238387
3764,-0.3390432
3765,-0.3734442
3766,-0.23023844
3767,-0.23023844
3768,-0.24445897
3769,-0.09456217
3770,-0.58392346
3771,-0.30399877
3772,-0.26826048
3773,-0.29461026
3774,-0.58392346
3775,-0.25894445
3776,-0.2227444
3777,-0.24765456
3778,-0.2816131
3779,-0.12739152
3780,-0.36210746
3781,-0.40325415
3782,-0.0803141
3783,0.040694714
3784,-0.0803141
3785,0.20417428
3786,0.05065584
3787,0.05438173
3788,0.05438173
3789,-0.030096829
3790,-0.5168947
3791,-0.23559093
3792,-0.23559093
3793,-0.22432196
3794,-0.03637415
3795,-0.29732865
3796,-0.2819798
3797,-0.30624902
3798,-0.3073852
3799,-0.6547091
3800,-0.4151901
3801,-0.4151901
3802,-0.6638848
3803,-0.64549434
3804,-0.37186527
3805,-0.33635545
3806,-0.27015018
3807,-0.31640851
3808,-0.37201583
3809,-0.41647762
3810,-0.47829384
3811,-0.61515486
3812,-0.3125791
3813,-0.3125791
3814,-0.27435356
3815,-0.042806625
3816,-0.21921301
3817,-0.063272476
3818,-0.28804976
3819,-0.1276505
3820,-0.02807951
3821,-0.49453425
3822,-0.39281452
3823,-0.1616559
3824,-0.08541024
3825,0.010440707
3826,-0.09814155
3827,-0.061356723
3828,-0.103315115
3829,-0.103315115
3830,-0.48272592
3831,-0.5340773
3832,-0.063661814
3833,-0.23882604
3834,-0.17441201
3835,-0.028152227
3836,-0.088647306
3837,0.08447838
3838,0.065219045
3839,-0.108971596
3840,-0.4398296
3841,-0.10185963
3842,-0.12823641
3843,-0.10876882
3844,-0.364174
3845,0.04880643
3846,-0.015608907
3847,-0.035068035
3848,-0.010295391
3849,-0.058693647
3850,-0.50932074
3851,-0.6736919
3852,-0.20804644
3853,-0.33096159
3854,-0.29249156
3855,-0.33310044
3856,-0.26942015
3857,-0.20035821
3858,-0.28422856
3859,-0.26071465
3860,-0.5514608
3861,-0.2821591
3862,-0.3180275
3863,-0.252194
3864,-0.53115654
3865,-0.19646585
3866,-0.19646585
3867,-0.21297348
3868,-0.14765179
3869,-0.10655701
3870,-0.5331089
3871,-0.31984884
3872,-0.2483679
3873,-0.27531517
3874,-0.508041
3875,-0.020751655
3876,-0.2037586
3877,-0.14421034
3878,-0.041645408
3879,-0.3111832
3880,-0.2236594
3881,-0.25375164
3882,0.15748489
3883,0.1447823
3884,0.12843525
3885,0.26625705
3886,0.4615054
3887,0.34851003
3888,0.36647415
3889,0.3609842
3890,-0.34208447
3891,-0.6186369
3892,-0.338557
3893,-0.29212135
3894,-0.6186369
3895,-0.21247154
3896,-0.26174843
3897,-0.16189277
3898,-0.18868905
3899,-0.2538001
3900,-0.21820837
3901,-0.25298327
3902,-0.22754622
3903,-0.2037065
3904,-0.14632857
3905,-0.24241626
3906,-0.32470506
3907,-0.2665974
3908,-0.52747977
3909,-0.58527565
3910,-0.6097908
3911,-0.13013548
3912,-0.19554019
3913,-0.22211087
3914,-0.5850197
3915,-0.21416473
3916,-0.10765666
3917,-0.012191176
3918,-0.012191176
3919,-0.09545863
3920,-0.06701851
3921,0.10495198
3922,0.15366375
3923,0.36672688
3924,-0.2488637
3925,0.25973868
3926,0.14314961
3927,0.37753654
3928,0.34508657
3929,0.25973868
3930,-0.1706022
3931,-0.1706022
3932,-0.009767175
3933,-0.14364254
3934,-0.22050267
3935,-0.21143115
3936,-0.19932598
3937,-0.4858765
3938,-0.4106815
3939,-0.18467462
3940,-0.13680172
3941,-0.4784938
3942,-0.17431414
3943,-0.17431414
3944,-0.38185823
3945,-0.15442157
3946,0.009688616
3947,-0.07728881
3948,-0.07728881
3949,-0.05348319
3950,-0.57932645
3951,-0.5904478
3952,-0.31480622
3953,-0.320498
3954,-0.23935509
3955,-0.19753695
3956,-0.1803366
3957,0.009962201
3958,-0.17143804
3959,-0.17143804
3960,-0.5274247
3961,-0.28273392
3962,-0.23982579
3963,-0.22961783
3964,-0.46989548
3965,-0.033544183
3966,-0.2278598
3967,-0.20815408
3968,-0.050761223
3969,-0.19836408
3970,-0.6278271
3971,-0.37152457
3972,-0.36232316
3973,-0.24509662
3974,-0.6278271
3975,-0.26763773
3976,-0.16634536
3977,-0.26818162
3978,-0.10121852
3979,-0.34853876
3980,-0.6125159
3981,-0.64131224
3982,-0.34881604
3983,-0.3686059
3984,-0.12955356
3985,-0.2675346
3986,-0.20621014
3987,-0.04577267
3988,-0.04577267
3989,-0.16200042
3990,-0.37101316
3991,-0.6279929
3992,-0.6279929
3993,-0.34751475
3994,-0.30298084
3995,-0.30298084
3996,-0.06216073
3997,-0.25851893
3998,-0.08305454
3999,-0.08305454
4000,-0.58076555
4001,-0.58076555
4002,-0.35721755
4003,-0.35721755
4004,-0.3066039
4005,-0.28195095
4006,-0.20767272
4007,-0.059118867
4008,-0.22189331
4009,-0.26404095
4010,-0.42420524
4011,-0.5008259
4012,-0.06922507
4013,-0.20615721
4014,-0.1541977
4015,-0.025295258
4016,-0.08012289
4017,-0.08012289
4018,-0.0500319
4019,-0.12097359
4020,-0.42294085
4021,-0.30365783
4022,-0.074894905
4023,0.043833017
4024,0.026404738
4025,-0.014321327
4026,0.2242589
4027,0.074798346
4028,0.09263706
4029,0.054208636
4030,-0.48047864
4031,-0.23654217
4032,-0.24460912
4033,-0.09907806
4034,-0.551167
4035,-0.119282484
4036,-0.119282484
4037,-0.13851261
4038,-0.26217896
4039,-0.1492945
4040,0.48902428
4041,0.48902428
4042,0.53486276
4043,0.72399986
4044,0.42778862
4045,0.42778862
4046,0.32979965
4047,0.27037072
4048,-0.14230001
4049,-0.14230001
4050,-0.60000265
4051,-0.51244915
4052,-0.1943587
4053,-0.15237671
4054,-0.29256505
4055,-0.1669035
4056,-0.26045746
4057,-0.07262039
4058,-0.23481345
4059,-0.27966368
4060,-0.51184857
4061,-0.59200764
4062,-0.34548807
4063,-0.1823712
4064,-0.34548807
4065,-0.22980148
4066,-0.22980148
4067,-0.08707321
4068,-0.24402183
4069,-0.32613188
4070,-0.5015923
4071,0.038384557
4072,-0.120085895
4073,-0.10549009
4074,-0.10549009
4075,-0.11022222
4076,-0.11022222
4077,-0.13839275
4078,-0.19562787
4079,-0.5015923
4080,-0.64455116
4081,-0.6377404
4082,-0.32529652
4083,-0.4136212
4084,-0.45822293
4085,-0.3270049
4086,-0.33458197
4087,-0.4136212
4088,-0.34880257
4089,-0.22296262
4090,-0.6851295
4091,-0.6851295
4092,-0.27791142
4093,-0.3745801
4094,-0.28070098
4095,-0.47301126
4096,-0.40813923
4097,-0.28441602
4098,-0.35381722
4099,-0.43304926
4100,-0.5190475
4101,-0.16204
4102,-0.32187665
4103,-0.21208072
4104,-0.552637
4105,-0.18509829
4106,-0.22188318
4107,-0.24937046
4108,-0.23610371
4109,-0.2336297
4110,-0.30987167
4111,0.09468675
4112,0.09468675
4113,0.16757941
4114,-0.30987167
4115,0.45168018
4116,0.45168018
4117,0.43604124
4118,0.24268842
4119,0.15423799
4120,-0.62417364
4121,-0.5969269
4122,-0.22902703
4123,-0.3080479
4124,-0.2792797
4125,-0.32909578
4126,-0.23690617
4127,-0.27598256
4128,-0.25161588
4129,-0.17563331
4130,0.19521713
4131,-0.42406988
4132,0.009218097
4133,-0.36285138
4134,0.059565306
4135,0.25679433
4136,0.25679433
4137,0.21921885
4138,0.44254267
4139,0.080332875
4140,-0.46967894
4141,-0.47444773
4142,-0.011816144
4143,-0.09464133
4144,-0.10203493
4145,-0.10203493
4146,-0.029177189
4147,0.14160681
4148,-0.045684695
4149,-0.045684695
4150,-0.56196713
4151,-0.028690994
4152,-0.22719634
4153,-0.20499527
4154,-0.51548135
4155,-0.042060733
4156,-0.11427009
4157,-0.13164282
4158,-0.13164282
4159,-0.169096
4160,-0.56505626
4161,-0.58890665
4162,-0.22106922
4163,-0.3019519
4164,-0.22106922
4165,-0.12210357
4166,-0.30332845
4167,-0.27956104
4168,-0.27956104
4169,-0.39233267
4170,-0.5982876
4171,-0.22156423
4172,-0.15728784
4173,-0.1529181
4174,-0.19665408
4175,-0.18696809
4176,-0.26776135
4177,-0.29989207
4178,-0.2766564
4179,-0.5105707
4180,-0.061345577
4181,-0.20207918
4182,-0.5009896
4183,-0.5009896
4184,-0.06855142
4185,0.07645559
4186,0.09010029
4187,-0.07644582
4188,-0.11149824
4189,-0.1867556
4190,-0.6275183
4191,-0.66908836
4192,-0.4336056
4193,-0.35033923
4194,-0.24279535
4195,-0.3628766
4196,-0.29046333
4197,-0.29046333
4198,-0.30173218
4199,-0.30173218
4200,-0.21182442
4201,0.07540476
4202,0.0640223
4203,0.13808501
4204,-0.21182442
4205,0.4676999
4206,0.28746808
4207,0.37854278
4208,0.27327955
4209,0.12670267
4210,-0.58290756
4211,-0.24426198
4212,-0.36576962
4213,-0.32882804
4214,-0.58290756
4215,-0.2739342
4216,-0.2739342
4217,-0.26366937
4218,-0.17173314
4219,-0.32882804
4220,0.38630486
4221,0.21570945
4222,0.62056637
4223,0.6323879
4224,0.67121196
4225,0.7514508
4226,1.0256422
4227,0.7613723
4228,0.7613723
4229,0.7990223
4230,-0.101094484
4231,-0.4310826
4232,-0.42631382
4233,-0.101094484
4234,-0.014564395
4235,0.19877887
4236,0.029664755
4237,0.18018842
4238,0.18018842
4239,-0.056783438
4240,-0.35743386
4241,-0.34425902
4242,-0.24161601
4243,-0.38896674
4244,-0.38896674
4245,-0.4339726
4246,-0.30919707
4247,-0.4561683
4248,-0.63861215
4249,-0.52383816
4250,-0.26886058
4251,-0.17812371
4252,0.17188978
4253,0.22870994
4254,0.16910136
4255,0.25901115
4256,0.3890605
4257,0.22593713
4258,0.35426235
4259,0.15041661
4260,-0.6183286
4261,-0.5933858
4262,-0.3460518
4263,-0.3016113
4264,-0.21729505
4265,-0.26262832
4266,-0.26262832
4267,-0.11993188
4268,-0.21560138
4269,-0.3016113
4270,-0.40093178
4271,-0.12610102
4272,-0.09745371
4273,0.061807036
4274,-0.08631128
4275,-0.157336
4276,-0.044451892
4277,-0.25455594
4278,-0.20794928
4279,-0.4766953
4280,-0.16729832
4281,-0.16729832
4282,-0.41550684
4283,-0.4338677
4284,-0.0056904554
4285,0.059082747
4286,-0.07179093
4287,0.07223868
4288,0.059082747
4289,-0.15294957
4290,-0.6325645
4291,-0.61537707
4292,-0.39493912
4293,-0.35907054
4294,-0.31263477
4295,-0.08370757
4296,-0.25225008
4297,-0.2523107
4298,-0.19936186
4299,-0.1793263
4300,-0.20124328
4301,-0.43208396
4302,-0.43208396
4303,-0.159441
4304,-0.19097054
4305,-0.05562198
4306,0.0057418346
4307,0.0057418346
4308,0.07197595
4309,-0.12061131
4310,-0.24470258
4311,-0.6396624
4312,-0.6396624
4313,-0.37648463
4314,-0.3265366
4315,-0.24028379
4316,-0.24011743
4317,-0.25937283
4318,-0.2959131
4319,-0.3265366
4320,-0.55929375
4321,-0.46863508
4322,-0.38640517
4323,-0.34864098
4324,-0.33255804
4325,-0.2866304
4326,-0.2866304
4327,-0.30552423
4328,-0.34025353
4329,-0.21900862
4330,-0.17187524
4331,-0.58753717
4332,-0.49363387
4333,-0.35451192
4334,-0.27317536
4335,-0.22206873
4336,-0.1413809
4337,-0.073417366
4338,-0.19394583
4339,-0.2548988
4340,-0.29110587
4341,-0.26763856
4342,-0.25636965
4343,-0.25636965
4344,-0.33206415
4345,-0.34538972
4346,-0.39008498
4347,-0.5978899
4348,-0.59157693
4349,-0.2165389
4350,-0.60238343
4351,-0.24877852
4352,-0.5750562
4353,-0.34216046
4354,-0.29762655
4355,-0.25851893
4356,-0.19645596
4357,-0.18662071
4358,-0.08305454
4359,-0.29762655
4360,-0.46529794
4361,-0.44567722
4362,-0.24170983
4363,-0.099120736
4364,-0.17946315
4365,-0.23709899
4366,-0.08609319
4367,-0.13174498
4368,-0.13174498
4369,-0.08609319
4370,-0.39306092
4371,-0.702802
4372,-0.7155848
4373,-0.51296544
4374,-0.4897176
4375,-0.45289564
4376,-0.4329489
4377,-0.4040209
4378,-0.5546001
4379,-0.4106785
4380,-0.18132508
4381,-0.10995579
4382,-0.11699605
4383,-0.09342605
4384,-0.15902853
4385,-0.2313633
4386,-0.27863955
4387,-0.21656871
4388,-0.5015188
4389,-0.5384376
4390,0.23721564
4391,-0.21053648
4392,-0.21053648
4393,0.13378954
4394,0.2719139
4395,0.3737886
4396,0.38778257
4397,0.21884978
4398,0.18626559
4399,0.2719139
4400,-0.54682845
4401,-0.22262353
4402,-0.46197522
4403,-0.1816709
4404,-0.20187402
4405,0.026207447
4406,-0.13415945
4407,-0.051170945
4408,-0.123300016
4409,-0.13775587
4410,-0.29174113
4411,-0.70060384
4412,-0.43463254
4413,-0.41573316
4414,-0.63870066
4415,-0.38233256
4416,-0.360062
4417,-0.4121803
4418,-0.4121803
4419,-0.43708724
4420,-0.15670633
4421,-0.050614715
4422,0.257267
4423,0.257267
4424,0.33357584
4425,0.58104396
4426,0.40375805
4427,0.58104396
4428,0.33357584
4429,0.45289838
4430,-0.07448363
4431,-0.10247409
4432,0.1010263
4433,-0.014366925
4434,-0.17472357
4435,-0.05853522
4436,-0.05853522
4437,-0.5839331
4438,-0.5449023
4439,-0.16367567
4440,-0.62431777
4441,-0.35043067
4442,-0.55933213
4443,-0.39957297
4444,-0.39957297
4445,-0.35043067
4446,-0.23226988
4447,-0.2966398
4448,-0.2966398
4449,-0.27159226
4450,-0.614415
4451,-0.7019149
4452,-0.41883498
4453,-0.41883498
4454,-0.40954703
4455,-0.3757344
4456,-0.19426572
4457,-0.29779577
4458,-0.33660066
4459,-0.32238007
4460,-0.31314135
4461,-0.602641
4462,-0.37515712
4463,-0.54455674
4464,-0.30123717
4465,-0.28011906
4466,-0.30429232
4467,-0.29187715
4468,-0.20145321
4469,-0.23139977
4470,-0.6000495
4471,-0.6000495
4472,-0.31513405
4473,-0.20858705
4474,-0.1664331
4475,-0.26411867
4476,-0.23547792
4477,-0.23547792
4478,-0.21162641
4479,-0.07091808
4480,-0.5896841
4481,-0.58135307
4482,-0.23292291
4483,-0.23292291
4484,-0.34312242
4485,-0.3207568
4486,-0.10303271
4487,-0.2410109
4488,-0.27900326
4489,-0.16378438
4490,-0.4837311
4491,-0.38132596
4492,-0.1784569
4493,-0.1784569
4494,-0.14226294
4495,-0.17323554
4496,0.080984354
4497,0.080984354
4498,-0.029477358
4499,-0.14100516
4500,-0.50856626
4501,-0.21313483
4502,-0.1919558
4503,-0.10634017
4504,-0.50856626
4505,-0.08082408
4506,-0.117608905
4507,0.10431194
4508,-0.0985136
4509,-0.18303001
4510,-0.5133575
4511,-0.5133575
4512,-0.2037214
4513,-0.2275207
4514,-0.09993005
4515,-0.15886176
4516,0.079298615
4517,0.079298615
4518,-0.049435675
4519,0.058404684
4520,-0.40366137
4521,-0.1346314
4522,-0.014084876
4523,-0.13773966
4524,-0.49355417
4525,0.112707496
4526,-0.124317765
4527,-0.04458046
4528,-0.10306257
4529,-0.13773966
4530,-0.4069708
4531,-0.11379886
4532,-0.18646544
4533,-0.1673621
4534,-0.4069708
4535,-0.070869386
4536,0.08386493
4537,-0.13053572
4538,-0.1292941
4539,-0.13149369
4540,-0.5041268
4541,-0.4423014
4542,-0.25186503
4543,-0.25186503
4544,-0.23884118
4545,-0.23884118
4546,0.025524855
4547,-0.16975045
4548,-0.19411659
4549,0.025524855
4550,-0.2898382
4551,-0.419995
4552,-0.255054
4553,-0.52062535
4554,-0.08346307
4555,-0.19361645
4556,-0.18099427
4557,-0.17461956
4558,-0.07570481
4559,-0.08346307
4560,-0.4854812
4561,-0.48724204
4562,-0.11662018
4563,0.0097157955
4564,-0.11887509
4565,0.0060608387
4566,0.19637632
4567,-0.020032108
4568,-0.034972787
4569,-0.11341536
4570,-0.042286932
4571,-0.37410605
4572,-0.36659622
4573,-0.042286932
4574,0.12292647
4575,0.30738735
4576,0.10311723
4577,0.10311723
4578,0.059968233
4579,0.0096035
4580,-0.15134943
4581,-0.58421683
4582,-0.58421683
4583,-0.27588236
4584,-0.25873518
4585,-0.19663668
4586,-0.20806265
4587,-0.18369651
4588,-0.15180337
4589,-0.25873518
4590,-0.4998505
4591,-0.5970346
4592,-0.21555758
4593,-0.21555758
4594,-0.23726976
4595,-0.25841767
4596,-0.08987504
4597,-0.23742211
4598,-0.11372042
4599,-0.18319094
4600,-0.2880441
4601,-0.47885442
4602,-0.48765743
4603,-0.2880441
4604,-0.24112439
4605,-0.13108444
4606,-0.10843015
4607,-0.17750883
4608,-0.24124634
4609,-0.12905341
4610,-0.074192524
4611,-0.074192524
4612,-0.22089142
4613,-0.22089142
4614,-0.27142465
4615,-0.20557535
4616,-0.3222047
4617,-0.5989112
4618,-0.6040962
4619,-0.3096015
4620,-0.326437
4621,-0.014469981
4622,-0.3448121
4623,-0.0013264418
4624,0.13929081
4625,0.22626257
4626,0.122032404
4627,0.16575193
4628,0.10909259
4629,0.06010914
4630,-0.5245921
4631,-0.5718206
4632,-0.12737256
4633,-0.19870102
4634,-0.18294162
4635,-0.22534037
4636,0.009601116
4637,-0.17471135
4638,-0.21149623
4639,-0.11099464
4640,-0.30087996
4641,-0.5360836
4642,-0.5858553
4643,-0.34114313
4644,-0.2697423
4645,-0.24305332
4646,-0.15228325
4647,-0.19280982
4648,-0.24131835
4649,-0.27810282
4650,-0.42273182
4651,-0.42273182
4652,0.0019993782
4653,-0.14332885
4654,-0.13356447
4655,-0.016319096
4656,-0.016319096
4657,0.13061857
4658,-0.03744805
4659,-0.100610375
4660,-0.3723812
4661,-0.6364208
4662,-0.6192335
4663,-0.3723812
4664,-0.22025836
4665,-0.3415842
4666,-0.2540481
4667,-0.27893507
4668,-0.3047552
4669,-0.3047552
4670,-0.51560223
4671,-0.5807612
4672,-0.39894557
4673,-0.21329224
4674,-0.3200547
4675,-0.3354627
4676,-0.27026057
4677,-0.2801696
4678,-0.23118109
4679,-0.27185643
4680,-0.54888004
4681,-0.28111893
4682,-0.21755332
4683,-0.26556754
4684,-0.47804463
4685,-0.20383978
4686,-0.019758105
4687,-0.18176466
4688,-0.21057302
4689,-0.2283181
4690,-0.66317
4691,-0.6230246
4692,-0.45729035
4693,-0.4568206
4694,-0.41033936
4695,-0.3744709
4696,-0.22927713
4697,-0.16310394
4698,-0.24415457
4699,-0.30289388
4700,-0.48997802
4701,-0.40829504
4702,-0.40829504
4703,-0.34223682
4704,-0.48997802
4705,-0.29153275
4706,-0.29153275
4707,-0.34244108
4708,-0.31147975
4709,-0.34223682
4710,-0.62051725
4711,-0.39093822
4712,-0.32078898
4713,-0.34179622
4714,-0.6252861
4715,-0.09635532
4716,-0.22628349
4717,-0.28376704
4718,-0.21622205
4719,-0.32828534
4720,-0.5886729
4721,-0.583904
4722,-0.29214215
4723,-0.31477022
4724,-0.26506746
4725,-0.23981613
4726,-0.17803562
4727,-0.042217672
4728,-0.042217672
4729,-0.21172386
4730,-0.3472768
4731,-0.57622
4732,-0.31140834
4733,-0.2958567
4734,-0.57622
4735,-0.15094697
4736,-0.21145731
4737,-0.22616708
4738,-0.22616708
4739,-0.19596612
4740,-0.4134614
4741,-0.4134614
4742,0.059984446
4743,-0.1061399
4744,-0.045049667
4745,-0.071591735
4746,0.1108619
4747,0.024232268
4748,0.009833217
4749,0.009815931
4750,-0.5176991
4751,-0.53275645
4752,-0.09552288
4753,-0.09552288
4754,-0.24658209
4755,-0.20752347
4756,-0.01227206
4757,-0.17323661
4758,-0.15116155
4759,-0.15116155
4760,-0.51467127
4761,-0.48998976
4762,-0.2901333
4763,-0.24024189
4764,-0.23600519
4765,-0.25298887
4766,0.011421442
4767,-0.042004585
4768,-0.10869986
4769,-0.012424231
4770,-0.33585173
4771,-0.17607492
4772,-0.17607492
4773,-0.14242315
4774,-0.33585173
4775,-0.013324738
4776,-0.0384295
4777,-0.027741551
4778,-0.027741551
4779,-0.09794009
4780,-0.66657686
4781,-0.5637504
4782,-0.44194353
4783,-0.4261105
4784,-0.29520422
4785,-0.42652762
4786,-0.4111305
4787,-0.21439338
4788,-0.40131134
4789,-0.23823875
4790,0.029072046
4791,0.42593336
4792,0.49605083
4793,0.45737565
4794,-0.019559622
4795,0.67165315
4796,0.645121
4797,0.62498856
4798,0.5884737
4799,0.44406688
4800,-0.3864447
4801,-0.08210713
4802,0.022561073
4803,-0.10858989
4804,-0.5255567
4805,0.007768154
4806,0.07272053
4807,0.15519214
4808,0.050192595
4809,-0.04937935
4810,-0.62354785
4811,-0.5404545
4812,-0.37844115
4813,-0.37844115
4814,-0.2921697
4815,-0.1856575
4816,-0.17643237
4817,-0.2820599
4818,-0.19007736
4819,-0.13437986
4820,-0.09587431
4821,-0.4954751
4822,-0.09587431
4823,-0.22392142
4824,-0.4890871
4825,-0.04306352
4826,0.018205881
4827,-0.25519413
4828,0.03136146
4829,0.0721786
4830,0.0814755
4831,0.11826038
4832,0.1936475
4833,0.2327596
4834,0.015301943
4835,0.05117035
4836,0.004970908
4837,0.004970908
4838,-0.43544495
4839,-0.33746195
4840,-0.47623283
4841,-0.017432272
4842,-0.017432272
4843,-0.10924065
4844,-0.47623283
4845,0.0141739845
4846,-0.06533849
4847,-0.08566284
4848,-0.08566284
4849,-0.13121688
4850,-0.57822376
4851,-0.30569386
4852,-0.30569386
4853,-0.2542749
4854,-0.573455
4855,-0.20502031
4856,-0.2269293
4857,-0.21924084
4858,-0.040249467
4859,-0.027093649
4860,0.11776519
4861,-0.10028231
4862,0.13210273
4863,-0.0063868165
4864,-0.110346675
4865,-0.18156862
4866,-0.18156862
4867,-0.5382273
4868,-0.5382273
4869,-0.110346675
4870,0.098449945
4871,-0.29325706
4872,0.030843258
4873,0.010271788
4874,-0.29325706
4875,0.22345376
4876,0.1917181
4877,0.33166146
4878,0.18359709
4879,0.18709886
4880,-0.54672056
4881,-0.45178092
4882,-0.16542053
4883,-0.302154
4884,-0.30799133
4885,-0.28659695
4886,-0.06978166
4887,-0.2654767
4888,-0.28857875
4889,-0.093626976
4890,-0.6676389
4891,-0.47780234
4892,-0.36623
4893,-0.4574182
4894,-0.69917583
4895,-0.38475257
4896,-0.25997734
4897,-0.28221214
4898,-0.430323
4899,-0.47877228
4900,-0.26850134
4901,-0.044425726
4902,-0.042445183
4903,0.0031334162
4904,-0.372733
4905,0.070961356
4906,0.24786103
4907,0.045398593
4908,0.045398593
4909,0.1492045
4910,-0.22106582
4911,-0.23649347
4912,0.052467108
4913,0.11690283
4914,0.105103254
4915,0.18135285
4916,0.33506572
4917,0.13162959
4918,0.13162959
4919,0.21417916
4920,-0.11164749
4921,-0.4146273
4922,-0.08966398
4923,-0.14200997
4924,-0.43881482
4925,0.02381432
4926,-0.017480612
4927,-0.07838458
4928,0.0005426407
4929,0.011046886
4930,-0.5132445
4931,-0.5830344
4932,-0.1776408
4933,-0.3232602
4934,-0.21302128
4935,-0.28380603
4936,-0.21222556
4937,-0.21395326
4938,-0.295564
4939,-0.3086716
4940,-0.036518574
4941,-0.34580725
4942,-0.40251958
4943,0.11758292
4944,0.016219735
4945,0.049736023
4946,0.056110144
4947,0.074733496
4948,0.0486722
4949,0.016219735
4950,-0.28844613
4951,-0.56507707
4952,-0.6548735
4953,-0.42201084
4954,-0.40145558
4955,-0.37664264
4956,-0.31670845
4957,-0.25785178
4958,-0.38477945
4959,-0.39953566
4960,-0.045860708
4961,-0.051045656
4962,0.23605573
4963,0.34370744
4964,0.36723995
4965,0.36532688
4966,0.36532688
4967,0.34560752
4968,0.34560752
4969,0.2712853
4970,0.08158755
4971,-0.33294082
4972,-0.33159596
4973,-0.018755555
4974,0.0473063
4975,0.16468
4976,0.2740953
4977,0.16547859
4978,0.25497437
4979,0.1726793
4980,0.0317204
4981,-0.06161499
4982,0.109654784
4983,-0.049660683
4984,-0.13801849
4985,-0.1264211
4986,-0.1264211
4987,-0.40398484
4988,-0.40398484
4989,-0.10482502
4990,-0.5710535
4991,-0.18180668
4992,-0.51386607
4993,-0.3119381
4994,-0.3119381
4995,-0.28980684
4996,-0.2041012
4997,-0.098406434
4998,-0.28665203
4999,-0.2041012
5000,-0.34548205
5001,-0.34548205
5002,0.029246807
5003,0.029246807
5004,-0.077928364
5005,-0.054526925
5006,0.0907228
5007,0.09093213
5008,-0.01426518
5009,0.0061507225
5010,-0.40505278
5011,-0.6278271
5012,-0.3746161
5013,-0.2693298
5014,-0.5326777
5015,-0.24327141
5016,-0.24327141
5017,-0.29254746
5018,-0.10121852
5019,-0.32508886
5020,-0.42263305
5021,-0.33339357
5022,0.0068399906
5023,-0.14003718
5024,-0.08764768
5025,-0.008781195
5026,0.025256395
5027,0.056282043
5028,-0.08764768
5029,-0.032682955
5030,-0.3526944
5031,-0.42981285
5032,-0.20832407
5033,-0.17245567
5034,-0.16648388
5035,-0.11930215
5036,-0.05226451
5037,-0.08367431
5038,-0.14207244
5039,-0.062934816
5040,-0.30247164
5041,-0.30247164
5042,0.12222147
5043,0.17421746
5044,0.17416501
5045,0.38857186
5046,0.47186017
5047,0.32176018
5048,0.24371624
5049,0.21748543
5050,-0.2707531
5051,-0.09620011
5052,0.011657
5053,0.009236336
5054,-0.16496372
5055,-0.31026
5056,-0.29967552
5057,-0.29967552
5058,-0.60246044
5059,-0.5725377
5060,-0.1332655
5061,-0.26832467
5062,-0.4579932
5063,-0.4579932
5064,-0.21728432
5065,-0.24883038
5066,0.012357235
5067,-0.09560478
5068,-0.10629821
5069,-0.16174453
5070,-0.5394106
5071,-0.5394106
5072,-0.3167045
5073,-0.28083605
5074,-0.24213892
5075,-0.22134364
5076,-0.2071231
5077,-0.028612018
5078,-0.2306521
5079,-0.0154562
5080,0.029917121
5081,-0.083839
5082,0.12622237
5083,-0.06441963
5084,-0.09137344
5085,-0.25583792
5086,-0.2311852
5087,-0.5825397
5088,-0.5825397
5089,-0.18323767
5090,-0.4794904
5091,-0.061359406
5092,-0.40196514
5093,-0.12169236
5094,-0.018880129
5095,-0.07053292
5096,-0.15770614
5097,-0.08475351
5098,-0.08475351
5099,-0.07053292
5100,0.015589595
5101,-0.40578508
5102,-0.40578508
5103,0.08606303
5104,0.07648635
5105,-0.060661674
5106,0.15923548
5107,0.13351142
5108,0.12666154
5109,0.15923548
5110,-0.19929457
5111,-0.24445921
5112,0.029687047
5113,0.07787371
5114,0.14468384
5115,0.104003906
5116,0.38368666
5117,0.20905602
5118,0.20905602
5119,0.2762525
5120,-0.69406223
5121,-0.69901645
5122,-0.48638022
5123,-0.48638022
5124,-0.46313226
5125,-0.39258075
5126,-0.37979376
5127,-0.25956392
5128,-0.25956392
5129,-0.36101556
5130,-0.27761173
5131,-0.5143918
5132,-0.6155671
5133,-0.34182268
5134,-0.272125
5135,-0.3587559
5136,-0.22195435
5137,-0.22195435
5138,-0.23583126
5139,-0.2738183
5140,-0.60581714
5141,-0.69142497
5142,-0.43362242
5143,-0.2803859
5144,-0.38865817
5145,-0.24801958
5146,-0.27731055
5147,-0.10143793
5148,-0.3360536
5149,-0.29926884
5150,-0.6377701
5151,-0.27192843
5152,-0.44446522
5153,-0.2530536
5154,-0.6433206
5155,-0.16752195
5156,-0.16752195
5157,-0.36740792
5158,-0.27181244
5159,-0.37421107
5160,-0.6285125
5161,-0.5371991
5162,-0.38070798
5163,-0.37168342
5164,-0.34869766
5165,-0.32524776
5166,-0.24343026
5167,-0.24343026
5168,-0.26834047
5169,-0.2927063
5170,-0.5581553
5171,-0.16712707
5172,-0.28654265
5173,-0.2351237
5174,-0.5581553
5175,-0.16552591
5176,-0.09632009
5177,-0.20531565
5178,-0.17974651
5179,-0.12373698
5180,-0.63267034
5181,-0.42493004
5182,-0.31385154
5183,-0.43551278
5184,-0.6152706
5185,-0.20052958
5186,-0.20052958
5187,-0.3390895
5188,-0.3390895
5189,-0.4017403
5190,-0.71677405
5191,-0.69675684
5192,-0.4916358
5193,-0.50056136
5194,-0.49111545
5195,-0.46972102
5196,-0.40010923
5197,-0.27053946
5198,-0.4341781
5199,-0.40010923
5200,0.066223264
5201,-0.27287215
5202,0.07063353
5203,0.23752618
5204,-0.3116778
5205,0.3340832
5206,0.12170124
5207,0.09120643
5208,0.1539216
5209,0.18670213
5210,-0.16458666
5211,-0.22330719
5212,0.024948597
5213,-0.16338176
5214,-0.24044049
5215,-0.17559373
5216,-0.24483925
5217,-0.2807073
5218,-0.5510833
5219,-0.5510833
5220,-0.53356075
5221,-0.25577676
5222,-0.42200327
5223,-0.43873698
5224,-0.63659906
5225,-0.26817906
5226,-0.28781533
5227,-0.30655068
5228,-0.34631258
5229,-0.37277448
5230,-0.33173198
5231,-0.16736233
5232,-0.13153422
5233,-0.032712936
5234,-0.43146074
5235,-0.0827685
5236,0.043012857
5237,-0.0659709
5238,0.10023558
5239,-0.046023965
5240,0.23456073
5241,0.084421396
5242,0.26341605
5243,0.17078805
5244,0.046873093
5245,-0.058032215
5246,0.0844928
5247,-0.28324908
5248,-0.40003026
5249,0.13023996
5250,-0.14936924
5251,-0.4078976
5252,-0.17095166
5253,0.00305295
5254,-0.46437544
5255,-0.13230658
5256,0.061110735
5257,-0.02029854
5258,-0.036014676
5259,0.035768747
5260,-0.33875597
5261,-0.38160598
5262,0.07056689
5263,0.07056689
5264,0.13847268
5265,0.009871602
5266,0.077249765
5267,0.077249765
5268,0.19570494
5269,0.032768726
5270,-0.593354
5271,-0.38087052
5272,-0.41568065
5273,-0.33407116
5274,-0.6109208
5275,-0.276219
5276,-0.276219
5277,-0.13881171
5278,-0.13881171
5279,-0.33407116
5280,-0.5591365
5281,-0.2726521
5282,-0.2726521
5283,-0.23438126
5284,-0.48175168
5285,-0.2249211
5286,-0.18817663
5287,-0.24486804
5288,-0.2081235
5289,-0.23438126
5290,-0.27948385
5291,-0.38764971
5292,-0.11778855
5293,-0.08192015
5294,-0.020314217
5295,-0.06384206
5296,0.04970932
5297,0.07596052
5298,0.085362196
5299,0.21320152
5300,-0.23028064
5301,-0.5589124
5302,-0.5052843
5303,-0.17081177
5304,-0.3222965
5305,-0.022605658
5306,-0.1851784
5307,-0.04645109
5308,-0.21008855
5309,-0.25160503
5310,-0.084893286
5311,-0.019662678
5312,0.34813476
5313,0.41346085
5314,0.46550202
5315,0.46550202
5316,0.39911222
5317,0.43608284
5318,0.3078556
5319,0.3078556
5320,-0.6129503
5321,-0.5451489
5322,-0.3507794
5323,-0.3995542
5324,-0.3227939
5325,-0.20919615
5326,-0.1499207
5327,-0.1755749
5328,-0.25214922
5329,-0.25214922
5330,-0.53546846
5331,-0.54144037
5332,-0.3036028
5333,-0.30400312
5334,-0.27465487
5335,-0.28509074
5336,-0.20054162
5337,-0.15349364
5338,-0.21227407
5339,-0.29582644
5340,-0.5297295
5341,-0.186023
5342,-0.06549972
5343,-0.17461228
5344,-0.5297295
5345,-0.099949
5346,0.07845414
5347,-0.13414073
5348,-0.11584079
5349,-0.17461228
5350,-0.63892263
5351,-0.63892263
5352,-0.38356876
5353,-0.41962242
5354,-0.3826806
5355,-0.2870255
5356,-0.31820738
5357,-0.28123778
5358,-0.14303553
5359,-0.2959469
5360,-0.48179382
5361,-0.23036504
5362,-0.19453752
5363,-0.18912268
5364,-0.45054585
5365,-0.11726582
5366,0.033061743
5367,-0.15695417
5368,-0.10256934
5369,-0.15125549
5370,-0.41672313
5371,-0.14202756
5372,-0.0712322
5373,0.058103442
5374,-0.40685594
5375,0.03731966
5376,0.17615092
5377,0.013547897
5378,0.16279912
5379,-0.08363342
5380,-0.6077627
5381,-0.54427767
5382,-0.38462895
5383,-0.38462895
5384,-0.36124277
5385,-0.3462258
5386,-0.17188096
5387,-0.31946057
5388,-0.31946057
5389,-0.31786466
5390,-0.2843945
5391,-0.5667409
5392,-0.27062356
5393,-0.23508227
5394,-0.54955345
5395,-0.16458124
5396,-0.048850596
5397,-0.23508227
5398,-0.20136607
5399,-0.19585007
5400,-0.011096716
5401,-0.14603686
5402,-0.13181627
5403,-0.13181627
5404,-0.16973877
5405,-0.06970501
5406,-0.16157126
5407,-0.2569728
5408,-0.50942826
5409,-0.43423325
5410,-0.4398709
5411,-0.16650748
5412,-0.16650748
5413,0.042800188
5414,-0.4826995
5415,0.031764746
5416,-0.08019054
5417,-0.07177293
5418,-0.09525347
5419,-0.10237157
5420,-0.5248052
5421,-0.23364437
5422,-0.15999568
5423,-0.16631162
5424,-0.40520442
5425,-0.11249864
5426,-0.0071983337
5427,0.075187445
5428,-0.05660075
5429,-0.11249864
5430,-0.110149205
5431,-0.12763393
5432,-0.08951056
5433,-0.010731101
5434,-0.017367363
5435,-0.19157302
5436,-0.2198723
5437,-0.40340674
5438,-0.36005795
5439,-0.16838199
5440,-0.27383626
5441,-0.49394125
5442,-0.36427844
5443,-0.340869
5444,-0.55053437
5445,-0.2700438
5446,-0.18029577
5447,-0.24312025
5448,-0.24312025
5449,-0.24749947
5450,-0.42001253
5451,-0.30011052
5452,-0.029006481
5453,0.010355234
5454,0.018618941
5455,0.10709143
5456,0.16856527
5457,0.27987576
5458,0.05365503
5459,0.018618941
5460,-0.32041997
5461,-0.5646194
5462,-0.5646194
5463,-0.2845518
5464,-0.15270889
5465,-0.22227955
5466,-0.23550445
5467,-0.19871962
5468,-0.22227955
5469,-0.2433374
5470,-0.21997786
5471,-0.43201512
5472,-0.5259312
5473,-0.21997786
5474,-0.21025938
5475,-0.02464962
5476,-0.09860909
5477,0.07211208
5478,-0.017547369
5479,-0.047487855
5480,-0.52700496
5481,-0.40471876
5482,-0.19390976
5483,-0.20751786
5484,-0.1406908
5485,0.14042652
5486,-0.03735435
5487,-0.07213962
5488,-0.08666408
5489,-0.03814423
5490,-0.019879878
5491,-0.50377166
5492,-0.50377166
5493,-0.019879878
5494,-0.11721909
5495,-0.07128811
5496,-0.024820447
5497,0.03145814
5498,-0.045461595
5499,0.028651237
5500,-0.5719041
5501,-0.5719041
5502,-0.26962596
5503,-0.23375809
5504,-0.19803858
5505,-0.1358707
5506,-0.14834726
5507,0.05871451
5508,-0.17065501
5509,-0.08690333
5510,-0.60887164
5511,-0.35192817
5512,-0.2299648
5513,-0.35183883
5514,-0.5546632
5515,-0.118510365
5516,-0.2916652
5517,-0.29676074
5518,-0.2434274
5519,-0.3147673
5520,-0.60980904
5521,-0.47534072
5522,-0.43740135
5523,-0.43570906
5524,-0.6991172
5525,-0.397394
5526,-0.3462807
5527,-0.36662912
5528,-0.20731199
5529,-0.43570906
5530,-0.60794616
5531,-0.5113995
5532,-0.18963695
5533,-0.29436123
5534,-0.15727031
5535,-0.28865302
5536,-0.1932804
5537,-0.15037775
5538,-0.24245608
5539,-0.21754599
5540,0.00086927414
5541,-0.35700822
5542,-0.338053
5543,0.004789114
5544,0.15462518
5545,0.10141516
5546,0.10141516
5547,0.08175993
5548,0.15574026
5549,0.0026335716
5550,0.24259233
5551,0.27710652
5552,0.27710652
5553,0.29381013
5554,0.32301128
5555,0.24259233
5556,0.13705945
5557,0.23093879
5558,-0.23749143
5559,-0.18934423
5560,-0.5553495
5561,-0.5737401
5562,-0.18402964
5563,-0.27743948
5564,-0.35081637
5565,-0.16457129
5566,-0.22567302
5567,-0.082331
5568,-0.23989302
5569,-0.1554578
5570,-0.49916524
5571,-0.56943524
5572,-0.3097899
5573,-0.14617622
5574,-0.3097899
5575,-0.23546052
5576,-0.23546052
5577,-0.06437492
5578,-0.21338546
5579,-0.23698533
5580,-0.6080802
5581,-0.22685838
5582,-0.19268572
5583,-0.16777551
5584,-0.0059651732
5585,-0.26668417
5586,-0.23566908
5587,-0.27757788
5588,-0.3139254
5589,-0.6080802
5590,-0.4505105
5591,-0.48633856
5592,-0.6754542
5593,-0.6754542
5594,-0.44197208
5595,-0.37462783
5596,-0.16563833
5597,-0.16563833
5598,-0.33788317
5599,-0.4061442
5600,-0.5515784
5601,-0.44811213
5602,-0.29009664
5603,-0.25126827
5604,-0.24949074
5605,-0.001822114
5606,-0.18443453
5607,-0.02172172
5608,-0.18441844
5609,-0.23044288
5610,-0.27288204
5611,-0.51713073
5612,-0.49383533
5613,-0.27288204
5614,-0.24890399
5615,-0.12603128
5616,-0.18544716
5617,-0.17357624
5618,-0.18279195
5619,-0.13720083
5620,-0.14027369
5621,-0.43062162
5622,-0.4495771
5623,-0.12143183
5624,0.07318699
5625,0.025895
5626,0.20059419
5627,0.07095313
5628,0.06993306
5629,-0.06558591
5630,-0.20125455
5631,-0.120367825
5632,0.08271146
5633,0.08271146
5634,0.25658274
5635,0.17845368
5636,0.2130332
5637,0.21713483
5638,0.12622082
5639,0.09647
5640,-0.06271434
5641,-0.4382133
5642,-0.42102587
5643,-0.07120824
5644,-0.030473948
5645,0.006349802
5646,0.022856712
5647,0.006349802
5648,0.116666675
5649,0.14196229
5650,0.60715437
5651,0.60715437
5652,0.39294004
5653,0.39294004
5654,0.36658955
5655,0.54695606
5656,0.54695606
5657,0.34052396
5658,0.55682385
5659,0.46176732
5660,-0.48734874
5661,-0.19268006
5662,-0.48734874
5663,-0.19268006
5664,-0.013736725
5665,-0.06488192
5666,-0.10120225
5667,-0.0837757
5668,-0.0837757
5669,-0.10839343
5670,-0.35293007
5671,-0.2417202
5672,-0.08835459
5673,-0.08835459
5674,-0.026777983
5675,-0.051365733
5676,0.13771796
5677,0.15321136
5678,0.05736327
5679,0.23118377
5680,-0.14091605
5681,-0.45725888
5682,-0.035080552
5683,-0.45725888
5684,-0.051959395
5685,-0.04225886
5686,-0.01082027
5687,-0.062670946
5688,-0.031232953
5689,-0.051375866
5690,-0.42377806
5691,-0.42377806
5692,0.03381014
5693,0.03381014
5694,0.06735158
5695,-0.089820266
5696,0.1172508
5697,0.22898555
5698,0.20963824
5699,0.05146432
5700,-0.561695
5701,-0.34710205
5702,-0.2675072
5703,-0.24246454
5704,-0.61349833
5705,-0.17466831
5706,-0.17466831
5707,-0.1888889
5708,-0.13237345
5709,-0.13180101
5710,0.07348204
5711,0.39443278
5712,0.2889943
5713,0.325112
5714,-0.052112103
5715,0.5414512
5716,0.42696774
5717,0.43034077
5718,0.5458889
5719,0.4179554
5720,-0.5530804
5721,-0.51471454
5722,-0.2319181
5723,-0.21194541
5724,-0.19401038
5725,-0.07832509
5726,-0.15623999
5727,-0.08788377
5728,-0.17535412
5729,0.017612696
5730,-0.28944743
5731,-0.5713185
5732,-0.55413115
5733,-0.16529542
5734,-0.21708894
5735,-0.042943954
5736,-0.22090626
5737,-0.17021775
5738,-0.20822775
5739,-0.2386378
5740,-0.32624382
5741,-0.20558167
5742,-0.30270934
5743,-0.2777992
5744,-0.12574351
5745,-0.37637258
5746,-0.35242534
5747,-0.4242139
5748,-0.6755885
5749,-0.6278271
5750,-0.51045215
5751,-0.4852299
5752,-0.246257
5753,-0.198304
5754,-0.22148395
5755,0.021957874
5756,-0.066393316
5757,-0.16002774
5758,-0.1729443
5759,-0.198304
5760,-0.22475469
5761,-0.30718774
5762,0.13920903
5763,0.30021572
5764,0.080899715
5765,0.42338634
5766,0.42338634
5767,0.21658695
5768,0.21658695
5769,0.30021572
5770,-0.43637717
5771,-0.016480207
5772,-0.016480207
5773,-0.012786269
5774,0.11237264
5775,-0.115949035
5776,-0.09276974
5777,0.017309785
5778,-0.1503821
5779,-0.33636642
5780,-0.45986998
5781,-0.45986998
5782,-0.6777836
5783,-0.6777836
5784,-0.40185702
5785,-0.38451952
5786,-0.21159142
5787,-0.39359665
5788,-0.40486568
5789,-0.44116235
5790,-0.6340927
5791,-0.5197214
5792,-0.36519897
5793,-0.36519897
5794,-0.33226252
5795,-0.28555495
5796,-0.12100935
5797,-0.14485472
5798,-0.14485472
5799,-0.38469964
5800,-0.064199865
5801,-0.5608294
5802,-0.5436421
5803,-0.16194242
5804,-0.16862994
5805,-0.07269442
5806,-0.05680263
5807,-0.09358746
5808,-0.07269442
5809,-0.093621075
5810,-0.3700168
5811,-0.50711846
5812,-0.56931645
5813,-0.19119906
5814,-0.33545637
5815,-0.28701204
5816,-0.27675617
5817,-0.26210183
5818,-0.18862736
5819,-0.33142048
5820,-0.43147743
5821,-0.4986555
5822,-0.09820706
5823,-0.27007055
5824,-0.18516481
5825,-0.1784373
5826,-0.14165246
5827,-0.15341055
5828,-0.100327194
5829,-0.11154473
5830,-0.2556578
5831,-0.40277278
5832,-0.46609098
5833,-0.10885799
5834,-0.2176171
5835,-0.20851219
5836,-0.121316075
5837,-0.19352531
5838,-0.18174869
5839,-0.081757545
5840,-0.023593426
5841,-0.18646836
5842,-0.17255306
5843,0.00025248528
5844,-0.17858028
5845,-0.3350001
5846,-0.2738996
5847,-0.6215893
5848,-0.5719648
5849,-0.26278687
5850,-0.37190032
5851,-0.10082412
5852,-0.45437938
5853,-0.1354208
5854,-0.12981665
5855,-0.030104637
5856,-0.052264094
5857,-0.0257833
5858,-0.035694063
5859,0.0072557926
5860,-0.61250067
5861,-0.6008591
5862,-0.31971133
5863,-0.31971133
5864,-0.2690407
5865,-0.15958953
5866,-0.040966153
5867,-0.27225626
5868,-0.22279185
5869,-0.040966153
5870,-0.15418398
5871,-0.4319749
5872,-0.036918283
5873,-0.4330374
5874,-0.015619516
5875,-0.0152964
5876,-0.070601046
5877,-0.10941523
5878,0.046513557
5879,-0.13404852
5880,-0.29622817
5881,-0.3026163
5882,-0.09131646
5883,-0.03415835
5884,0.14884019
5885,0.25230813
5886,0.117670536
5887,0.0758636
5888,0.10184884
5889,-0.00833559
5890,0.22172272
5891,-0.22693354
5892,-0.22693354
5893,0.3262818
5894,0.28745782
5895,0.4521339
5896,0.5009004
5897,0.38909876
5898,0.42888844
5899,0.36826158
5900,0.11346567
5901,0.041338563
5902,0.52517533
5903,0.7023475
5904,0.62313604
5905,0.62313604
5906,0.91057444
5907,0.8033209
5908,0.80007696
5909,0.8263172
5910,-0.50220025
5911,-0.17079234
5912,-0.17079234
5913,0.030940533
5914,-0.50220025
5915,0.10497117
5916,-0.013415217
5917,-0.12881196
5918,-0.06884372
5919,0.030940533
5920,-0.6081053
5921,-0.59073275
5922,-0.29695892
5923,-0.35579318
5924,-0.31863248
5925,-0.31863248
5926,-0.16285837
5927,-0.11945462
5928,-0.2671876
5929,-0.30307359
5930,-0.44439113
5931,-0.18590736
5932,0.026542664
5933,-0.13228297
5934,-0.36360604
5935,0.014083862
5936,-0.017461061
5937,-0.018031001
5938,0.17152333
5939,-0.045638442
5940,-0.39701968
5941,-0.10334933
5942,-0.10334933
5943,-0.03474617
5944,-0.39183474
5945,0.16514897
5946,0.013167024
5947,-0.031005621
5948,0.14130354
5949,-0.057075083
5950,-0.7004255
5951,-0.68883395
5952,-0.50218904
5953,-0.39930058
5954,-0.4815858
5955,-0.4815858
5956,-0.42263377
5957,-0.4806227
5958,-0.44593364
5959,-0.42263377
5960,-0.48986375
5961,-0.67623913
5962,-0.6956401
5963,-0.43491584
5964,-0.46905214
5965,-0.23842478
5966,-0.31494933
5967,-0.38669002
5968,-0.43630648
5969,-0.44535178
5970,-0.3346427
5971,-0.34840608
5972,-0.01892376
5973,0.007102728
5974,0.065363765
5975,0.04182911
5976,0.13767552
5977,0.33681536
5978,0.31723905
5979,0.14397764
5980,-0.5911697
5981,-0.24071848
5982,-0.37955135
5983,-0.35889095
5984,-0.48205763
5985,-0.30894268
5986,-0.30894268
5987,-0.17008555
5988,-0.32423836
5989,-0.39516652
5990,-0.25291306
5991,0.29844117
5992,0.29844117
5993,0.15728593
5994,-0.24254513
5995,0.42196965
5996,0.42196965
5997,0.22919798
5998,0.40271044
5999,0.15728593
6000,-0.59768915
6001,-0.5044663
6002,-0.18161398
6003,-0.3241055
6004,-0.31080443
6005,-0.31080443
6006,-0.20176458
6007,-0.24558985
6008,-0.22122371
6009,-0.20176458
6010,-0.33844292
6011,-0.49956203
6012,-0.33844292
6013,-0.49956203
6014,-0.16652143
6015,-0.23812842
6016,-0.18608963
6017,-0.073304
6018,-0.09282482
6019,-0.16652143
6020,-0.5601911
6021,-0.5601911
6022,-0.32206684
6023,-0.3718322
6024,-0.19552678
6025,-0.3060317
6026,-0.25211442
6027,-0.2179426
6028,-0.27702457
6029,-0.13418543
6030,-0.45094627
6031,-0.5634724
6032,-0.26240742
6033,-0.061347783
6034,-0.24121445
6035,0.03911066
6036,0.03911066
6037,-0.15796673
6038,-0.15796673
6039,-0.24979508
6040,-0.6159202
6041,-0.6159202
6042,-0.2595415
6043,-0.35119426
6044,-0.40473187
6045,-0.14308071
6046,-0.27852857
6047,-0.16196287
6048,-0.2984755
6049,-0.419999
6050,-0.46598518
6051,-0.099582314
6052,-0.099582314
6053,-0.04548633
6054,0.024043202
6055,-0.14790249
6056,-0.2156108
6057,-0.24960685
6058,-0.18100518
6059,-0.46598518
